Group,Fandom,Stage Name,Korean Stage Name,Full Name,Date of Birth,Former Group,Instagram
100%,,Minwoo†,민우,Seo Minwoo,1985-02-08,,
14U,,B.S,비에스,Lee Youngsoo,1995-04-14,,
14U,,Dohyuk,도혁,Kim Dohyuk,1998-01-16,,
14U,,E.sol,이솔,Jeon Jaehyuk,1992-09-17,,
14U,,Eunjae,은재,Kwak Eunjae,1996-05-02,,
14U,,Gohyeon,고현,Go Hyeon,1994-10-01,,
14U,,Gun,건,Kwak Gun,2001-09-29,,
14U,,Gyeongtae,경태,Kwon Gyeongtae,2000-07-23,,
14U,,Hyunwoong,현웅,Kim Hyunwoong,1998-02-08,,
14U,,Loudi,로우디,Won Jihoon,1996-04-13,,
14U,,Luha,루하,Lee Gyeonghun,1993-02-15,,
14U,,Rio,리오,Son Gwanghyuk,1999-07-16,,
14U,,Sejin,세진,Lee Sejin,1999-07-22,,
14U,,Woojoo,우주,Kim Sangyoon,1996-09-18,,
14U,,Youngwoong,영웅,Cho Youngwoon,1999-05-01,,
15&,,Jamie,박지민,Park Jimin,1997-07-05,,jiminxjamie
15&,,Yerin,백예린,Baek Yerin,1997-06-26,,yerinb
1TEAM,,BC,비시,Jin Sungho,1994-07-18,,
1TEAM,,Junghoon,정훈,Lee Junghoon,2000-07-04,,
1TEAM,,Rubin,루빈,Lee Haejoon,1995-08-16,,
1the9,,Jinsung,진성,Jung Jinsung,2002-03-30,,
1the9,,Taekhyeon,택현,Jung Taekhyeon,2003-07-28,,
24K,,Changsun,창선,Lee Changsun,1996-03-17,,
24K,,Cory,코리,Hong Joohyung,1990-11-25,,
24K,,Hongseob,홍섭,Shim Hongseob,1998-01-08,,
24K,,Hui,양휘,Liang Hui,1995-07-18,,
24K,,Jeonguk,정욱,Kim Jeonguk,1993-03-20,,
24K,,Jinhong,진홍,Kim Jinhong,1998-01-02,,
24K,,Kisu,기수,Choi Kisu,1990-10-02,,
2EYES,,Daeun,정다은,Jung Daeun,1994-06-03,,da.ni_jung
2EYES,,Dasom,다솜,Lee Dasom,1993-11-13,,
2EYES,,Hyangsuk,향숙,Lee Hyangsuk,1991-04-24,,baby_sook
2EYES,,Hyerin,혜린,Kim Hyerin,1993-06-13,,hyelyn0723
2NE1,,Bom,봄,Park Bom,1984-03-24,,haroobommi
2NE1,,CL,씨엘,Lee Chaerin,1991-02-26,,chaelincl
2NE1,,Dara,다라,Park Sandara,1984-11-12,,daraxxi
2NE1,,Minzy,민지,Kong Minji,1994-01-18,,
2PM,,Chansung,찬성,Hwang Chansung,1990-02-11,,
2PM,,Jun. K,준케이,Kim Minjun,1988-01-15,,
2PM,,Junho,준호,Lee Junho,1990-01-25,,
2PM,,Nichkhun,닉쿤,Nichkhun Horvejkul,1988-06-24,,
2PM,,Taecyeon,택연,Ok Taecyeon,1988-12-27,,
2PM,,Wooyoung,우영,Jang Wooyoung,1989-04-30,,
3YE,,Haeun,하은,Yoon Haeun,1999-03-12,Apple.B,
3YE,,Yuji,유지,Son Yuji,1998-11-25,Apple.B,
3YE,,Yurim,유림,Park Yurim,1998-04-13,Apple.B,
4minute,,Gayoon,가윤,Heo Gayoon,1990-05-18,,gayoon_heo
4minute,,HyunA,현아,Kim Hyuna,1992-06-06,Wonder Girls,hyunah_aa
4minute,,Jihyun,지현,Nam Jihyun,1990-01-09,,njh9019
4minute,,Jiyoon,지윤,Jeon Jiyoon,1990-10-15,,jenyerjiyoon
4minute,,Sohyun,소현,Kwon Sohyun,1994-08-30,,kkwonsso_94
4TEN,,Heeo,히오,Gwak Heeoh,1994-05-02,,
4TEN,,Hyeji,혜지,Jeong Hyeji,1992-04-02,,
4TEN,,Hyejin,혜진,Baek Hyejin,1996-11-21,,
4TEN,,Yoon,윤,Heo Yoon,1994-09-23,,
7 O'clock,,Andy,앤디,Lui Chunyeung,1994-10-06,,
7 O'clock,,Hyun,성현,Park Sunghyun,1997-08-25,,
7 O'clock,,Jeonggyu,정규,Lim Jeonggyu,1997-11-05,,
7 O'clock,,Rui,루이,Jang Rui,2000-03-07,,
8TURN,,Haemin,해민,Jung Haemin,2004-03-16,,
8TURN,,Jaeyun,재윤,Moon Jaeyun,2002-07-02,,
8TURN,,Kyungmin,경민,Jo Kyungmin,2004-10-28,,
8TURN,,Minho,민호,Yang Minho,2002-10-14,,
8TURN,,Myungho,명호,Ji Myungho,2001-10-12,,
8TURN,,Seungheon,승헌,Lee Seungheon,2007-05-15,,
8TURN,,Yoonsung,윤성,Cho Yoonsung,2003-11-13,,
8TURN,,Yungyu,윤규,Lee Yungyu,2005-11-07,,
9Muses,,Hyemi,혜미,Pyo Hyemi,1991-04-03,,pyopyohyemi
9Muses,,Keumjo,금조,Lee Keumjo,1992-12-17,,keumjo_1217
9Muses,,Kyungri,경리,Park Kyungri,1990-07-05,,gyeongree
9Muses,,Sojin,소진,Jo Sojin,1991-10-11,,josojin_1011
9Muses,,Sungah,성아,Son Sungah,1989-07-08,,ssungahhbaby
A.C.E,,Byeongkwan,병관,Kim Byeongkwan,1996-08-13,,
A.C.E,,Chan,찬,Kang Yoochan,1997-12-31,,
A.C.E,,Donghun,동훈,Lee Donghun,1993-05-15,,
A.C.E,,Jun,준,Park Junhee,1994-06-02,,
A.C.E,,Wow,와우,Kim Seyoon,1993-02-28,,
AB6IX,,Daehwi,대휘,Lee Daehwi,2001-01-29,Wanna One,
AB6IX,,Jeon Woong,전웅,Jeon Woong,1997-10-15,,
AB6IX,,Woojin,우진,Park Woojin,1999-11-02,Wanna One,
ABLUE,,On,온,Kim Dongwoo,-0001-11-30,,
ABLUE,,Seongsoo,성수,Park Seongsoo,1999-04-07,BECZ,
ABLUE,,Sukjun,석준,Lee Sukjun,2000-01-31,ANTARES,
ABLUE,,Wonjun,원준,Jeong Wonjun,1998-07-21,ZPZG,
ABLUE,,You,유,Kim Taeyou,1999-11-17,BECZ,
ADYA,,Chaeeun,채은,Yoon Chaeeun,2005-12-10,,
ADYA,,Sena,세나,Lim Yena,2005-10-12,,
ADYA,,Seowon,서원,Jung Seowon,2004-04-26,,
ADYA,,Seungchae,승채,Cho Seungchae,2006-10-26,,
ADYA,,Yeonsu,연수,Ryu Yeonsu,2003-02-19,,
aespa,,Giselle,지젤,Uchinaga Aeri,2000-10-30,,
aespa,,Karina,카리나,Yoo Jimin,2000-04-11,,
aespa,,Ningning,닝닝,Ning Yizhuo,2002-10-23,,
After School,,E-Young,이영,Noh Yiyoung,1992-08-16,,e_young0816
After School,,Kaeun,가은,Lee Kaeun,1994-08-20,,realkkaaanngg
After School,,Lizzy,리지,Park Sooyoung,1992-07-31,,luvlyzzy
After School,,Nana,나나,Im Jinah,1991-09-14,,jin_a_nana
After School,,Raina,레이나,Oh Hyerin,1989-05-07,,raina_57
AIMERS,,Doryun,도륜,Kim Doryun,2000-05-01,,
AIMERS,,Eunjun,은준,Choi Eunjun,1999-08-06,Spectrum,
AIMERS,,Seunghwan,승환,Park Seunghwan,2002-04-06,,
AIMERS,,Wooyoung,우영,Hwang Wooyoung,2003-06-29,,
AIMERS,,Yoel,요엘,Kim Yoel,2001-01-25,,
ALICE,,Chaejeong,채정,Lee Chaejeong,1999-08-26,,
ALICE,,EJ,이제이,Kim Eunji,1997-08-13,,
ALICE,,Karin,가린,Min Karin,2002-01-05,,
ALICE,,Yeonje,혜성,Yang Yeonje,1999-10-15,,
ALICE,,Yukyung,유경,Lee Yukyung,1999-11-05,,
AMPERS&ONE,,Brian,브라이언,Brian Ho,2002-08-27,,
AMPERS&ONE,,Jiho,지호,Choi Jiho,2004-06-10,,
AMPERS&ONE,,Kamden,캠든,Kamden Winston Na,2001-06-09,,
AMPERS&ONE,,Kyrell,카이렐,Kyrell Choi,2005-07-03,,
AMPERS&ONE,,Mackiyah,마카야,Mackiah Yejun Mercer,2006-01-21,,
AMPERS&ONE,,Seungmo,승모,Kim Seungmo,2006-07-03,,
AMPERS&ONE,,Siyun,시윤,Yoon Siyun,2005-01-08,,
ANS,,Dalyn,달린,Lee Sohyun,1999-08-27,,
ANS,,Dami,담이,Hong Dayoung,2001-06-07,,
ANS,,Haena,해나,Jeon Eunbi,2002-02-19,,
ANS,,J,제이,Lee Yeji,1998-02-12,,
ANS,,Lina,리나,Oh Sejin,1997-07-27,,
ANS,,Royeon,로연,Jeon Hyunjoo,1998-02-20,,
AoA,,Chanmi,찬미,Kim Chanmi,1996-06-19,,chanmi_96a
AoA,,Hyejeong,혜정,Shin Hyejeong,1993-08-10,,dongdong810
AoA,,Seolhyun,설현,Kim Seolhyun,1995-01-03,,sh_9513
AoA,,Yuna,유나,Seo Yuna,1992-12-30,,yn_s_1230
Apink,,Bomi,보미,Yoon Bomi,1993-08-13,,
Apink,,Chorong,초롱,Park Chorong,1991-03-03,,mulgokizary
Apink,,Eunji,은지,Jung Eunji,1993-08-18,,artist_eunji
Apink,,Hayoung,하영,Oh Hayoung,1996-07-19,,o_h_y_y
Apink,,Namjoo,남주,Kim Namjoo,1995-04-15,,sarangdungy
APRIL,,Chaekyung,채경,Yoon Chaekyung,1996-07-07,Puretty,
APRIL,,Chaewon,채원,Kim Chaewon,1997-11-08,,
APRIL,,Jinsol,진솔,Lee Jinsol,2001-12-04,,
APRIL,,Naeun,나은,Lee Naeun,1999-05-05,,
APRIL,,Rachel,레이첼,Sung Nayeon,2000-08-28,,
APRIL,,Yena,예나,Yang Yena,2000-05-22,,
AREAL,,Areum,아름,Kim Daun,1998-01-31,Rose Finger,
AREAL,,Hyebin,혜빈,Kim Hyebin,1997-03-29,Rose Finger,
AREAL,,Segye,세계,Shin Segye,1998-08-19,Rose Finger,
ARGON,,Gon,곤,Kim Seongjung,1998-11-13,,
ARGON,,Haneul,하늘,Lee Haneul,1996-06-03,,
ARGON,,Jaeun,재운,Ha Jaeun,1999-09-28,,
ARGON,,Kain,카인,Bang Junho,1997-03-25,,
ARGON,,Roel,로엘,Kim Sunho,1997-02-13,,
ARGON,,Yeoun,여운,Lee Kyeongbin,1997-09-03,,
ARIAZ,,Dawon,다원,Lee Dawon,1996-12-02,,
ARIAZ,,Hyogyeong,효경,Jang Hyogyeong,1999-11-15,,
ARIAZ,,Jueun,주은,Jo Jueun,2001-01-27,,
ARIAZ,,Sihyeon,시현,Kang Sihyeon,1998-07-15,,
ARIAZ,,Yeori,여리,Choi Yeori,1999-09-08,,
ARIAZ,,Yunji,윤지,Kim Yunji,1996-08-26,,
ARTBEAT,,Damhee,담희,Park Damhee,2000-06-21,,
ARTBEAT,,Gaeun,가은,Lee Gaeun,2000-07-18,,
ARTBEAT,,Haeun,하은,Lee Haeun,2002-06-25,,
ARTBEAT,,Seyoung,세영,Ha Seyoung,1999-02-03,,
ARTBEAT,,Yoojin,유진,Ahn Yoojin,2000-02-29,,
ARTBEAT,,Yubin,유빈,Oh Yubin,1998-11-26,,
ARTMS,,Choerry,최리,Choi Yerim,2001-06-04,LOONA,
ARTMS,,Haseul,하슬,Jo Haseul,1997-08-18,LOONA,
ARTMS,,Heejin,희진,Jeon Heejin,2000-10-19,LOONA,
ARTMS,,JinSoul,진솔,Jung Jinsol,1997-06-13,LOONA,
ARTMS,,Kim Lip,김립,Kim Jungeun,1999-02-10,LOONA,
Astin,,Hongil,홍일,Yoon Hongil,1999-01-11,,
Astin,,Hyeongseok,형석,Chu Hyeongseok,2000-09-13,,
Astin,,Jingyu,진규,Lee Jingyu,1998-04-22,,
Astin,,Junghun,정훈,Jang Junghun,1999-02-27,,
Astin,,Mir,미르,Lee Yoonsang,2000-03-06,,
Astin,,Seungjun,승준,Ji Seungjun,1998-09-15,,
Astin,,Yeram,예람,Yang Yeram,2000-03-31,,
ASTRO,,Eunwoo,은우,Cha Eunwoo,1997-03-30,,
ASTRO,,Jin Jin,진진,Park Jinwoo,1996-03-15,,
ASTRO,,MJ,엠제이,Kim Myungjun,1994-03-05,,
ASTRO,,Sanha,산하,Yoon Sanha,2000-03-21,,
ATBO,,Hyunjun,현준,Bae Hyunjun,2003-06-06,,
ATBO,,Junmin,준민,Ryu Junmin,2003-04-05,,
ATBO,,Junseok,준석,Oh Junseok,2003-03-03,,
ATBO,,Rakwon,락원,Seok Rakwon,2003-11-14,,
ATBO,,Seunghwan,승환,Jeong Seunghwan,2004-01-27,,
ATBO,,Won Bin,원빈,Won Bin,2004-07-01,,
ATBO,,Yeonkyu,연규,Kim Yeonkyu,2004-05-03,,
ATEEZ,,Hongjoong,홍중,Kim Hongjoong,1998-11-07,,
ATEEZ,,Jongho,종호,Choi Jongho,2000-10-12,,
ATEEZ,,Mingi,민기,Son Mingi,1999-08-09,,
ATEEZ,,San,산,Choi San,1999-07-10,,
ATEEZ,,Seonghwa,성화,Park Seonghwa,1998-04-03,,
ATEEZ,,Wooyoung,우영,Jung Wooyoung,1999-11-26,,
ATEEZ,,Yeosang,여상,Kang Yeosang,1999-06-15,,
ATEEZ,,Yunho,윤호,Jeong Yunho,1999-03-23,,
B.A.P,,Daehyun,대현,Jung Daehyun,1993-06-28,,
B.A.P,,Himchan,힘찬,Kim Himchan,1990-04-19,,
B.A.P,,Jongup,종업,Moon Jongup,1995-02-06,,
B.A.P,,Yongguk,용국,Bang Yongguk,1990-03-31,,
B.A.P,,Youngjae,영재,Yoo Youngjae,1994-01-24,,
B.A.P,,Zelo,젤로,Choi Junhong,1996-10-15,,
B.I.G,,Benji,벤지,Baek Jaewook,1992-05-03,,
B.I.G,,Gunmin,건민,Lee Gunmin,1994-10-03,,
B.I.G,,Heedo,희도,Yoon Heedo,1996-04-22,,
B.I.G,,J-Hoon,제이훈,Lim Junghoon,1990-07-15,,
B.I.G,,Minpyo,민표,Gook Minpyo,1994-11-15,,
B.O.Y,,Kookheon,국헌,Kim Kookheon,1997-04-15,MYTEEN,
B.O.Y,,Yuvin,유빈,Song Yuvin,1998-04-28,MYTEEN,
B1A4,,CNU,신우,Shin Dongwoo,1991-06-16,,
B1A4,,Gongchan,공찬,Gong Chansik,1993-08-14,,
B1A4,,Sandeul,산들,Lee Junghwan,1992-03-20,,
BABYMONSTER,,Ahyeon,아현,Jung Ahyeon,2007-04-11,,
BABYMONSTER,,Asa,아사,Enami Asa,2006-04-17,,
BABYMONSTER,,Chiquita,치키타,Riracha Phondechaphiphat,2009-02-17,,
BABYMONSTER,,Haram,하람,Shin Haram,2007-10-17,,
BABYMONSTER,,Pharita,파리타,Pharita Chaikong,2005-08-26,,
BABYMONSTER,,Rora,로라,Lee Dain,2008-08-05,,
BABYMONSTER,,Ruka,루카,Kawai Ruka,2002-03-20,,
BADKIZ,,K.Me,케이미,Na Miri,1992-04-10,,k.me93
BADKIZ,,LuA,루아,Jo Hankyeung,1991-09-14,,
BADKIZ,,Monika,모니카,Kang Yeh,1991-05-21,,maygirl_nika
BADKIZ,,Somin,소민,Jang Somin,1993-11-10,,somin.92
BADKIZ,,U-Si,유시,Yoo Jiyeon,1997-11-13,,_u_si
BADVILLAIN,,Chloe Young,클로이 영,Chloe Duong,2001-10-31,,
BADVILLAIN,,Emma,엠마,Song Hyemin,2000-04-26,,
BADVILLAIN,,Hu'e,휴이,Kim Inhye,2003-11-20,,
BADVILLAIN,,Ina,이나,Jeong Yina,2004-06-08,,
BADVILLAIN,,Kelly,켈리,Ha Seoyeon,2006-06-16,,
BADVILLAIN,,Vin,빈,Choi Seobin,2004-11-27,,
BADVILLAIN,,Yunseo,윤서,Kim Yunseo,2004-07-03,,
BAE173,,Bit,빛,No Minjae,2004-07-21,,
BAE173,,Doha,도하,Na Gyumin,2004-03-07,,
BAE173,,Dohyon,도현,Nam Dohyon,2004-11-10,X1,
BAE173,,Hangyul,한결,Lee Hangyul,1999-12-07,"X1, IM",
BAE173,,J-Min,제이민,Jeon Minwook,1999-10-16,,
BAE173,,Junseo,준서,Park Junseo,2001-12-28,,
BAE173,,Yoojun,유준,Jung Gun,2000-12-27,,
BAE173,,Youngseo,영서,Ryu Youngseo,2002-06-13,,
Berry Good,,Daye,다예,Kim Hyunjung,1998-02-25,,
Berry Good,,Gowoon,고운,Moon Yujeong,1998-12-18,,
Berry Good,,Johyun,조현,Shin Jiwon,1996-04-14,,
Berry Good,,Sehyung,세형,Kang Sehyung,1998-12-13,,
Berry Good,,Seoyul,서율,Seo Yuri,1997-11-26,,
BESTie,,Haeryeong,해령,Na Haeryeong,1994-11-11,,bestie_hr
BESTie,,Hyeyeon,혜연,Kang Hyeyeon,1990-12-08,EXID,hyeyeon_2
BIGBANG,,Daesung,대성,Daesung,1989-04-26,,
BIGBANG,,G-Dragon,지드래곤,Kwon Jiyong,1988-08-18,,
BIGBANG,,T.O.P,탑,Choi Seunghyun,1987-11-04,,
BIGBANG,,Taeyang,태양,Dong Youngbae,1988-05-18,,
Bigflo,,Euijin,의진,Lee Euijin,1990-02-15,,
Bigflo,,HighTop,하이탑,Lim Hyeontae,1994-03-19,,
Bigflo,,Lex,렉스,Jeon Hyungmin,1993-01-12,,
Bigflo,,Sungmin,성민,Oh Sungmin,1990-12-31,,
Billlie,,Haram,하람,Kim Haram,2001-01-13,,
Billlie,,Haruna,하루나,Osato Haruna,2006-01-30,,
Billlie,,Moon Sua,문수아,Moon Sua,1999-09-09,,
Billlie,,Sheon,션,Kim Suyeon,2003-01-28,,
Billlie,,Siyoon,시윤,Kim Siyoon,2005-02-16,,
Billlie,,Tsuki,츠키,Fukutomi Tsuki,2002-09-21,,
BLACKPINK,,Jennie,제니,Kim Jennie,1996-01-16,,
BLACKPINK,,Jisoo,지수,Kim Jisoo,1995-01-03,,
BLACKPINK,,Lisa,리사,Pranpriya Manoban,1997-03-27,,
BLACKPINK,,Rosé,로제,Roseanne Park,1997-02-11,,
Blackswan,,Fatou,파투,Fatou Samba,1995-03-23,,
Blackswan,,Gabi,가비,Gabriela Strassburger Dalcin,2002-11-07,,
Blackswan,,Leia,레아,Larissa Kartes,2001-05-14,,
Blackswan,,Nvee,앤비,Florence Alena Smith,1999-01-10,,
Blackswan,,Sriya,스리야,Sriya Lenka,2003-09-15,,
Blady,,Dayoung,다영,Kim Dayoung,1991-02-02,,loloola22_
Blady,,Gabin,가빈,Kim Gabin,1989-09-18,,_kimgabin
Blady,,Giru,기루,Park Giru,1991-08-14,,giru_p
Blady,,Tina,티나,Christine Joy Park,1994-09-01,,nuhmootina
Blady,,Yeeun,예은,Hwang Yeeun,1997-01-12,,yeeuneeeee_
BLANK2Y,,DK,닥,Kim Dokyun,1998-02-16,,
BLANK2Y,,Donghyuk,동혁,Park Donghyuk,1999-12-18,ENOi,
BLANK2Y,,Louis,루이,Kim Taewoo,1999-04-23,1the9,
BLANK2Y,,Mikey,마이키,Morisaki Daisuke,2001-05-05,,
BLANK2Y,,Siwoo,시우,Park Siwoo,2001-02-05,,
BLANK2Y,,Sodam,박소담,Park Sodam,2004-11-26,,
BLANK2Y,,Sungjun,성준,Lee Sungjun,2002-06-15,,
BLANK2Y,,U,유,Sun Hengyu,2001-06-22,,
BLANK2Y,,Youngbin,영빈,Lee Youngbin,2001-11-23,,
Bling Bling,,Ayamy,아야미,Suzuki Ayami,2000-07-15,,
Bling Bling,,Jieun,지은,Choi Jieun,2001-03-03,,
Bling Bling,,Juhyun,주현,Cha Juhyun,2000-04-01,,
Bling Bling,,Marin,마린,Yasufuku Marin,2001-03-17,,
Bling Bling,,Narin,나린,Lee Narin,2001-10-29,,
BLITZERS,,Chris,크리스,Han Chris,2002-11-19,,
BLITZERS,,Go_U,장준호,Jang Junho,2001-06-15,,
BLITZERS,,Jinhwa,진화,Choi Jinhwa,2002-01-15,,
BLITZERS,,Juhan,주한,Hong Seunghyun,2001-06-21,,
BLITZERS,,Lutan,루탄,Choi Gyeongseok,2003-12-06,,
BLITZERS,,Wooju,우주,Cho Wooju,2004-01-21,,
Block B,,B-Bomb,비범,Lee Minhyuk,1990-12-14,,
Block B,,Jaehyo,재효,Ahn Jaehyo,1990-12-23,,
Block B,,P.O,피오,Pyo Jihoon,1993-02-02,,
Block B,,Park Kyung,박경,Park Kyung,1992-07-08,,
Block B,,Taeil,태일,Lee Taeil,1990-09-24,,
Block B,,U-Kwon,유권,Kim Yukwon,1992-04-09,,
Block B,,Zico,지코,Woo Jiho,1992-09-14,,
Bolbbalgan4,,Jiyoon,지윤,Woo Jiyoon,1996-01-06,,
Bolbbalgan4,,Jiyoung,지영,Ahn Jiyoung,1995-09-14,,
Bonus Baby,,Chaehyun,채현,Kim Chaehyun,1999-11-29,,
Bonus Baby,,Dayun,다윤,Kim Dayun,2000-11-20,,
Bonus Baby,,Gaon,가온,Beom Gaon,2001-03-09,,
Bonus Baby,,Hayoon,하윤,Jung Hayoon,1998-11-21,MyB,
Bonus Baby,,Kongyoo,공유,Kong Yoojin,2001-05-11,,
Bonus Baby,,Moonhee,문희,Choi Moonhee,1997-04-15,MyB,
BOTOPASS,,Ahyoon,아윤,Choi Subin,2004-10-23,,
BOTOPASS,,Harin,하린,Seo Harin,2000-12-07,,
BOTOPASS,,Mihee,미희,Lee Mihee,2000-08-24,,
BOTOPASS,,Ria,리아,Kuwayama Ria,1998-02-03,,
BOTOPASS,,Seoyoon,서윤,Kim Suyoung,1995-01-26,ILUV,
BOTOPASS,,Shiho,시호,Kwon Subin,2001-08-22,,
Boyfriend,,Donghyun,동현,Kim Donghyun,1989-02-12,,
Boyfriend,,Hyunseong,현성,Shim Hyunseong,1993-06-09,,
Boyfriend,,Jeongmin,정민,Lee Jeongmin,1994-02-01,,
Boyfriend,,Kwangmin,광민,Jo Kwangmin,1995-04-24,,
Boyfriend,,Minwoo,민우,No Minwoo,1995-07-31,,
Boyfriend,,Youngmin,영민,Jo Youngmin,1995-04-24,,
BOYNEXTDOOR,,Jaehyun,재현,Myung Jaehyun,2003-12-04,,
BOYNEXTDOOR,,Riwoo,리우,Lee Sanghyeok,2003-10-22,,
BOYNEXTDOOR,,Sungho,성호,Park Sungho,2003-09-04,,
BOYNEXTDOOR,,Taesan,태산,Han Dongmin,2004-08-10,,
BOYNEXTDOOR,,Woonhak,운학,Kim Woonhak,2006-11-29,,
Boys Republic,,Minsu,민수,Park Minsu,1993-04-15,,
Boys Republic,,Onejunn,원준,Jo Wonjun,1988-11-22,,
Boys Republic,,Sungjun,성준,Park Sungjun,1992-12-17,,
Boys Republic,,Sunwoo,선우,Choi Sunwoo,1992-03-12,,
Boys Republic,,Suwoong,수웅,Lee Suwoong,1995-01-20,,
Brave Girls,,Eunji,은지,Hong Eunji,1992-07-19,,
Brave Girls,,Minyoung,민영,Kim Minyeong,1990-09-12,,
Brave Girls,,Yujeong,유정,Nam Yujeong,1991-05-02,,
Brave Girls,,Yuna,유나,Lee Yuna,1993-04-06,,
Brown Eyed Girls,,Gain,가인,Son Gain,1987-09-20,,songain87
Brown Eyed Girls,,Jea,제아,Kim Hyojin,1981-09-18,,jeaworld
Brown Eyed Girls,,Miryo,미료,Jo Mihye,1981-11-02,,miryoakajohoney
Brown Eyed Girls,,Narsha,나르샤,Park Hyojin,1981-12-28,,narsha81
BtoB,,Changsub,창섭,Lee Changsub,1991-02-26,,
BtoB,,Eunkwang,은광,Seo Eunkwang,1990-11-22,,
BtoB,,Hyunsik,현식,Lim Hyunsik,1992-03-07,,
BtoB,,Ilhoon,일훈,Jung Ilhoon,1994-10-04,,
BtoB,,Peniel,프니엘,Shin Donggeun,1993-03-10,,
BtoB,,Sungjae,성재,Yook Sungjae,1995-05-02,,
BTS,,J-Hope,제이홉,Jung Hoseok,1994-02-18,,
BTS,,Jimin,지민,Park Jimin,1995-10-13,,
BTS,,Jin,진,Kim Seokjin,1992-12-04,,
BTS,,Jungkook,정국,Jeon Jungkook,1997-09-01,,
BTS,,RM,알엠,Kim Namjoon,1994-09-12,,
BTS,,Suga,슈가,Min Yoongi,1993-03-09,,
BTS,,V,뷔,Kim Taehyung,1995-12-30,,
bugAboo,,Choyeon,초연,Kim Choyeon,2001-08-01,,
bugAboo,,Cyan,시안,Lee Chaeeun,2001-04-04,,
bugAboo,,Eunchae,은채,Son Eunchae,1999-10-06,,
bugAboo,,Yoona,유우나,Ogura Yuuna,2000-10-13,,
bugAboo,,Zin,지인,Jin Hyunbin,2001-08-31,,
Busters,,Jisoo,지수,Jung Jisoo,2003-11-22,,
BVNDIT,,Jungwoo,정우,Uhm Jungwoo,1999-04-02,,
BVNDIT,,Seungeun,승은,Shim Seungeun,2000-12-27,,
BVNDIT,,Simyeong,시명,Lee Simyeong,1999-05-27,,
BVNDIT,,Songhee,송희,Yoon Songhee,1998-11-08,,
BVNDIT,,Yiyeon,이연,Jung Dasol,1995-05-28,,
BXB,,Hamin,하민,Kim Kangmin,2001-11-13,TRCNG,
BXB,,Hyunwoo,현우,Kim Hyunwoo,2001-01-21,TRCNG,
BXB,,Jihun,지훈,Kim Jihun,2000-01-09,TRCNG,
BXB,,Siwoo,시우,Yoo Siwoo,2001-05-11,TRCNG,
Candy Shop,,Sarang,사랑,Choi Sarang,2007-11-30,,
Candy Shop,,Soram,소람,Jung Soram,2005-09-24,,
Candy Shop,,Sui,수이,Cho Sui,2007-08-15,,
Candy Shop,,Yuina,유이나,Futatsugami Yuina,2007-02-27,,
CHECKMATE,,Nason,네이슨,Kim Duyeop,1995-06-12,,
CHECKMATE,,Noah,노아,Hwang Seundae,1998-03-18,,
CHECKMATE,,Sieun,시은,Lee Sieun,1993-09-19,,
CHECKMATE,,Suri,수리,Kang Suri,1994-10-11,,
CHECKMATE,,Yongseok,용석,Choi Yongseok,1996-05-23,,
Cherry Bullet,,Chaerin,채린,Park Chaerin,2002-03-13,,
Cherry Bullet,,Haeyoon,해윤,Park Haeyoon,1996-01-10,,
Cherry Bullet,,Jiwon,지원,Heo Jiwon,2000-09-04,,
Cherry Bullet,,May,메이,Hirokawa Mao,2004-11-16,,
Cherry Bullet,,Remi,레미,Katsuno Rise,2001-04-26,,
Cherry Bullet,,Yuju,유주,Choi Yuju,1997-03-05,,
Cignature,,Belle,벨,Jin Hyeonjoo,2001-11-03,Good Day,
Cignature,,Chaesol,채솔,Maeng Chaesol,1998-07-14,Good Day,
Cignature,,Chloe,클로이,Yun Jiwon,2001-01-06,,
Cignature,,Dohee,도희,Kwon Dohee,2002-08-01,,
Cignature,,Seline,셀린,Jung Yeonjeong,2000-06-20,,
Cignature,,Semi,세미,Gu Semi,2002-04-10,,
Ciipher,,Dohwan,도환,Gil Dohwan,2003-08-26,,
Ciipher,,Hwi,휘,Lee Choonghyun,1999-02-04,,
Ciipher,,Hyunbin,현빈,Moon Hyunbin,2000-02-26,,
Ciipher,,Keita,케이타,Terazono Keita,2001-07-04,,
Ciipher,,Tan,탄,Choi Seokwon,1996-08-25,,
Ciipher,,Won,성원,Park Sungwon,2003-12-18,1the9,
CIX,,BX,비엑스,Lee Byounggon,1998-03-05,,
CIX,,Hyunsuk,현석,Yoon Hyunsuk,2001-09-08,,
CIX,,Jinyoung,진영,Bae Jinyoung,2000-05-10,Wanna One,
CIX,,Seunghun,승훈,Kim Seunghun,1999-02-26,,
CIX,,Yonghee,용희,Kim Yonghee,2000-02-17,,
CLASS:y,,Boeun,보은,Park Boeun,2008-02-11,,
CLASS:y,,Chaewon,채원,Yoon Chaewon,2003-06-04,,
CLASS:y,,Hyeju,혜주,Hong Hyeju,2003-12-09,,
CLASS:y,,Hyungseo,형서,Myeong Hyeongseo,2001-06-25,Busters,
CLASS:y,,Jimin,지민,Won Jimin,2007-11-25,,
CLASS:y,,Riwon,리원,Kim Riwon,2007-01-11,,
CLASS:y,,Seonyu,선유,Kim Seonyu,2008-03-20,,
CLC,,Eunbin,은빈,Kwon Eunbin,2000-01-06,,
CLC,,Seunghee,승희,Oh Seunghee,1995-10-10,,
CLC,,Seungyeon,승연,Jang Seunyeon,1996-11-06,,
CLC,,Sorn,손,Chonnasorn Sajakul,1996-11-18,,
CLC,,YeeEun,예은,Jang Yeeun,1998-08-10,,
Clear:I,,Sang,상,Cui Xiang,1995-01-26,"BOTOPASS, ILUV",
CMDM,,Byunghoon,병훈,Choi Byunghoon,2000-04-26,,
CMDM,,Heeju,희주,Chae Heeju,2003-04-04,,
CMDM,,Hyunhah,현하,Kim Hyunhah,2000-05-09,,
CMDM,,Junhyoung,준형,Oh Junhyoung,2001-04-14,,
CMDM,,Nohyul,노율,Lee Nohyul,2004-06-18,,
CMDM,,Seungho,승호,Kim Seungho,2004-07-19,,
CNBLUE,,Jonghyun,종현,Lee Jonghyun,1990-05-15,,
CNBLUE,,Jungshin,정신,Lee Jungshin,1991-09-15,,
CNBLUE,,Minhyuk,민혁,Kang Minhyuk,1991-06-28,,
CNBLUE,,Yonghwa,용화,Jung Yonghwa,1989-06-22,,
CRAVITY,,Allen,앨런,Allen Ma,1999-04-26,,
CRAVITY,,Hyeongjun,형준,Song Hyeongjun,2002-11-30,X1,
CRAVITY,,Jungmo,정모,Koo Jungmo,2000-02-05,,
CRAVITY,,Minhee,민희,Kang Minhee,2002-09-17,X1,
CRAVITY,,Seongmin,성민,Ahn Seongmin,2003-08-01,,
CRAVITY,,Serim,세림,Park Serim,1999-03-03,,
CRAVITY,,Taeyoung,태영,Kim Taeyoung,2003-01-27,,
CRAVITY,,Wonjin,원진,Ham Wonjin,2001-03-22,,
CRAVITY,,Woobin,우빈,Seo Woobin,2000-10-16,,
CRAXY,,ChaeY,채이,Song Chaeyeon,2003-01-06,,
CRAXY,,Hyejin,혜진,Kang Hyejin,2000-07-13,,
CRAXY,,Karin,카린,Baek Yerin,2000-04-23,,
CRAXY,,Swan,수안,Kim Suan,2000-12-28,,
Crayon Pop,,Choa,초아,Heo Minjin,1990-07-12,,
Crayon Pop,,Ellin,엘린,Kim Minyoung,1990-04-02,,hiellin
Crayon Pop,,Geummi,금미,Baek Boram,1988-06-18,,g.mi
Crayon Pop,,Soyul,소율,Park Hyekyeong,1991-05-15,,
Crayon Pop,,Way,웨이,Heo Minsun,1990-07-12,,baysunny
CROSS GENE,,Casper,캐스퍼,Chu Xiaoxiang,1991-03-20,,
CROSS GENE,,Sangmin,상민,Kim Sangmin,1992-07-07,,
CROSS GENE,,Seyoung,세영,Lee Seyoung,1990-02-08,,
CROSS GENE,,Shin,신,Shin Wonho,1991-10-23,,
CROSS GENE,,Takuya,타쿠야,Terada Takuya,1992-03-18,,
CROSS GENE,,Yongseok,용석,Kim Yongseok,1993-01-08,,
CSR,,Duna,두나,Kang Duna,2005-04-28,,
CSR,,Geumhee,금희,Han Geumhee,2005-03-04,,
CSR,,Seoyeon,서연,Ahn Seoyeon,2005-03-26,,
CSR,,Sihyeon,시현,Hwang Sihyeon,2005-03-12,,
CSR,,Sua,수아,Yoo Sua,2005-07-23,,
CSR,,Yeham,예함,Gu Yeham,2005-10-07,,
CSR,,Yuna,유나,Iimura Yuna,2005-04-23,,
D-CRUNCH,,Chanyoung,찬영,Kim Chanyoung,2000-11-20,,
D-CRUNCH,,Dylan,딜란,Park Yeonjae,2002-07-26,,
D-CRUNCH,,Hyunho,현호,Lee Hyunho,1998-11-04,,
D-CRUNCH,,Hyunoh,현우,Park Hyunoh,1999-02-12,,
D-CRUNCH,,Hyunwoo,현오,Baek Hyunwoo,1999-03-19,,
D-CRUNCH,,Hyunwook,현욱,Ji Hyunwook,1998-07-01,,
D-CRUNCH,,Jeongseung,정승,Park Jeongseung,2002-05-20,,
D-CRUNCH,,Minhyuk,민혁,Kim Minhyuk,1999-11-06,,
D-CRUNCH,,O.V,오뷔,Kim Sanchan,1999-01-03,,
D1CE,,Hyunsoo,현수,Kim Hyunsoo,1995-04-12,,
D1CE,,Jinyoung,진영,Woo Jinyoung,1997-05-31,,
D1CE,,Woodam,우담,Park Woodam,1995-08-02,,
D1CE,,Yonggeun,용근,Jo Yonggeun,1995-01-23,,
D1CE,,Yoojun,유준,Jun Yoojun,1995-07-26,,
Dal Shabet,,Ahyoung,아영,Cho Jayoung,1991-05-26,,
Dal Shabet,,Serri,세리,Park Miyeon,1990-09-16,,
Dal Shabet,,Subin,수빈,Park Subin,1994-02-12,,
Dal Shabet,,Woohee,우희,Bae Woohee,1991-11-21,,
Davichi,,Haeri,해리,Lee Haeri,1985-02-14,,
Davichi,,Minkyung,민경,Kang Minkyung,1990-08-03,,
DAY6,,Dowoon,도운,Yoon Dowoon,1995-08-25,,
DAY6,,Jae,제이,Park Jaehyung,1992-09-15,,
DAY6,,Sungjin,성진,Park Sungjin,1993-01-16,,
DAY6,,Wonpil,원필,Kim Wonpil,1994-04-28,,
DAY6,,Young K,영케이,Kang Young-hyun,1993-12-19,,
DIA,,Chaeyeon,채연,Jung Chaeyeon,1997-12-01,I.O.I,
DIA,,Eunchae,은채,Kwon Chaewon,1999-05-26,,
DIA,,Eunice,유니스,Heo Sooyeon,1991-09-02,,
DIA,,Huihyeon,희현,Ki Huihyeon,1995-06-16,,
DIA,,Jueun,주은,Lee Jooeun,1995-07-07,,
DIA,,Somyi,솜이,Ahn Somyi,2000-01-26,,
DIA,,Yebin,예빈,Baek Yebin,1997-07-13,,
DKB,,D1,디원,Jang Dongil,1998-02-15,,
DKB,,E-Chan,이찬,Lee Changmin,1997-02-19,,
DKB,,GK,지케이,Kim Kwanghyun,1998-09-29,,
DKB,,Harry-June,해리준,Han Harry-June,2004-01-01,,
DKB,,Heechan,희찬,Yang Heechan,1999-07-31,,
DKB,,Junseo,준서,Hwang Junseo,2001-01-16,,
DKB,,Lune,룬,Jung Sungmin,2000-02-27,,
DKB,,Teo,테오,Jang Sungsik,1997-10-22,,
DKB,,Yuku,유쿠,Amanumu Yuku,2002-05-12,,
Dongkiz,,Jaechan,재찬,Park Jaechan,2001-12-06,,
Dongkiz,,Jonghyeong,종형,Kim Jonghyeong,2002-04-13,,
Dongkiz,,Kyungyoon,경윤,Lee Kyungyoon,2000-02-21,,
Dongkiz,,Munik,문익,Jang Moonik,2001-03-20,,
Dongkiz,,Wondae,원대,Seol Wondae,1998-04-28,,
Dreamcatcher,,Dami,다미,Lee Yoobin,1997-03-07,Minx,
Dreamcatcher,,Gahyeon,가현,Lee Gahyeon,1999-02-03,,
Dreamcatcher,,Handong,한동,Han Dong,1996-03-26,,
Dreamcatcher,,Jiu,지유,Kim Minji,1994-05-17,Minx,
Dreamcatcher,,Siyeon,시연,Lee Siyeon,1995-10-01,Minx,
Dreamcatcher,,Sua,수아,Kim Bora,1994-08-10,Minx,
Dreamcatcher,,Yoohyeon,유현,Kim Yoohyeon,1997-01-07,Minx,
Dreamnote,,Boni,보니,Choi Euijeong,1999-10-30,,
Dreamnote,,Eunjo,은조,Park Eunjo,2002-03-07,,
Dreamnote,,Lara,라라,Moon Shinae,2000-08-09,,
Dreamnote,,Miso,미소,Jeon Jimin,2000-10-25,,
Dreamnote,,Sumin,수민,Park Sumin,2001-09-09,,
Dreamnote,,Youi,유아이,Kim Jihyeo,2000-04-24,,
DRIPPIN,,Alex,알렉스,Alexander Schmidt Lee,2004-10-06,,
DRIPPIN,,Changuk,창욱,Joo Changuk,2001-07-25,,
DRIPPIN,,Dongyun,동윤,Kim Dongyun,2002-02-18,,
DRIPPIN,,Junho,준호,Cha Junho,2002-07-09,X1,
DRIPPIN,,Lee Hyeop,이협,Lee Hyeop,1999-08-13,,
DRIPPIN,,Minseo,민서,Kim Minseo,2002-05-13,,
DRIPPIN,,Yunseong,윤성,Hwang Yunseong,2000-10-30,,
DUSTIN,,BEL,벨,Choi Sunghoon,2000-05-21,,
DUSTIN,,Daon,다온,Ahn Seonil,2000-12-10,,
DUSTIN,,Hwani,화니,Jo Sihyeon,1994-11-16,,
DUSTIN,,JJ,제이제이,Jun Jihyeok,1998-12-11,,
DUSTIN,,Kim Yoon,김윤,Kim Seongsu,1994-02-17,,
DUSTIN,,Seunghan,승한,Lee Seunghan,1996-02-22,,
DUSTIN,,Siu,시우,Hwang Inseok,1995-05-19,,
DXMON,,Hee,히,Shin Youngseo,2005-12-28,,
DXMON,,Minjae,민재,Baek Minjae,2003-07-09,,
DXMON,,TK,태극,Kim Taegeuk,2006-01-09,,
E'LAST,,Baekgyeul,백선우,Baek Sunwoo,1999-12-01,,
E'LAST,,Choi In,최인,Choi In,1996-02-11,,
E'LAST,,Rano,라노,Byun Yongseop,1998-12-10,,
E'LAST,,Romin,로민,Choi Youngmin,2001-04-24,,
E'LAST,,Seungyeop,승엽,Choi Seungyeop,1997-05-08,,
E'LAST,,Won Hyuk,원혁,Won Hyuk,2002-02-22,,
E'LAST,,Wonjun,원준,Lee Wonjun,2002-03-08,,
E'LAST,,Yejun,예준,Oh Yejun,2002-08-23,,
ENHYPEN,,Heeseung,희승,Lee Heeseung,2001-10-15,,
ENHYPEN,,Jake,제이크,Shim Jaeyoon,2002-11-15,,
ENHYPEN,,Jay,제이,Park Jongsung,2002-04-20,,
ENHYPEN,,Jungwon,정원,Yang Jungwon,2004-02-09,,
ENHYPEN,,Ni-Ki,니키,Nishimura Riki,2005-12-09,,
ENHYPEN,,Sunghoon,성훈,Park Sunghoon,2002-12-08,,
ENOi,,Dojin,도진,Jeon Yongtae,1997-03-07,,
ENOi,,Hamin,하민,Jo Hamin,1997-10-24,,
ENOi,,Laon,라온,Shin Kyuhyun,1995-12-19,,
EPEX,,A-min,아민,Cho Minwoo,2004-05-22,,
EPEX,,Ayden,에이든,Kwon Yejun,2005-01-24,,
EPEX,,Jeff,제프,Lee Jaeho,2005-04-21,,
EPEX,,Keum,금,Keum Donghyun,2003-05-14,,
EPEX,,Mu,뮤,Suh Kyungmin,2003-09-14,,
EPEX,,Wish,위시,Kwak Dawit,2002-06-11,,
EPEX,,Yewang,예왕,Seo Yewang,2005-03-12,,
Everglow,,Aisha,아샤,Heo Yoorim,2000-07-21,,
Everglow,,Mia,미아,Han Eunji,2000-01-13,,
Everglow,,Onda,온다,Jo Selim,2000-05-18,,
Everglow,,Sihyeon,시현,Kim Sihyeon,1999-08-05,,
Everglow,,Yiren,이런,Wang Yiren,2000-12-29,,
EVNNE,,Hanbin,한빈,Park Hanbin,2002-03-01,,
EVNNE,,Jeonghyeon,이정현,Lee Jeonghyeon,2002-09-11,,
EVNNE,,Jihoo,지후,Park Jihoo,2006-07-14,,
EVNNE,,Junghyun,문정현,Mun Junghyun,2005-03-31,,
EVNNE,,Seungeon,승언,Yoo Seungeon,2004-01-02,,
EVNNE,,Yunseo,윤서,Ji Yunseo,2004-10-15,,
EXID,,Hani,하니,Ahn Hee-yeon,1992-05-01,,ahnhani_92
EXID,,Hyerin,혜린,Seo Hyerin,1993-08-23,,hyeliniseo
EXID,,Junghwa,정화,Park Junghwa,1995-05-08,EXID,jeonghwa_0508
EXID,,LE,엘리,Ahn Hyejin,1991-12-10,,x_xellybabyx
EXID,,Solji,솔지,Heo Solji,1989-01-10,,soul.g_heo
EXO,,Baekhyun,백현,Byun Baekhyun,1992-05-06,,
EXO,,Chanyeol,찬열,Park Chanyeol,1992-11-27,,
EXO,,Chen,첸,Kim Jongdae,1992-09-21,,
EXO,,D.O.,디오,Do Kyungsoo,1993-01-12,,
EXO,,Kai,카이,Kim Jongin,1994-01-14,,
EXO,,Lay,레이,Zhang Yixing,1991-10-07,,
EXO,,Sehun,세훈,Oh Sehun,1994-04-12,,
EXO,,Suho,수호,Kim Junmyeon,1991-05-22,,
EXO,,Xiumin,시우민,Kim Minseok,1990-03-26,,
f(x),,Amber,엠버,Amber Josephine Liu,1992-09-18,,ajol_llama
f(x),,Krystal,크리스탈,Krystal Jung,1994-10-24,,vousmevoyez
f(x),,Luna,루나,Park Sunyoung,1993-08-12,,hermosavidaluna
f(x),,Victoria,빅토리아,Song Qian,1987-02-02,,victoria02_02
FANATICS,,Chaelin,채린,Lee Chaelin,1999-10-20,,
FANATICS,,Chiayi,지아이,Li Chiayi,2000-01-22,,
FANATICS,,Doah,도아,Kim Doah,2003-12-04,,
FANATICS,,Doi,도이,Kim Doi,1994-04-12,,
FANATICS,,Rayeon,나연,Lee Rayeon,2001-11-24,,
FANATICS,,Via,비아,Kim Via,2000-08-17,,
FANTASY BOYS,,Gyurae,규래,Kim Gyurae,2009-02-28,,
FANTASY BOYS,,Hanbin,한빈,Lee Hanbin,2001-11-20,,
FANTASY BOYS,,Hikari,히카리,Etani Hikari,2002-01-21,,
FANTASY BOYS,,Hikaru,히카루,Urabe Hikaru,2003-07-14,,
FANTASY BOYS,,Hyeontae,현태,Oh Hyeontae,2008-08-13,,
FANTASY BOYS,,K-Soul,소울,Liu Zekai,2000-10-19,,
FANTASY BOYS,,Kaedan,케이단,Kaedan Keonwoo Nam,2009-03-24,,
FANTASY BOYS,,Ling Qi,링치,Ling Qi,2002-06-04,,
FANTASY BOYS,,Minseo,민서,Kang Minseo,2001-07-22,,
FANTASY BOYS,,Sungmin,성민,Hong Sungmin,2004-09-17,,
FAVE1,,Chanyong,찬용,Kim Chanyong,1993-04-29,100%,
FAVE1,,Hyukjin,혁진,Jang Hyukjin,1993-12-20,100%,
FAVE1,,Jonghwan,종환,Jo Jonghwan,1992-11-23,100%,
FAVE1,,Rokhyun,록현,Kim Rokhyun,1991-02-10,100%,
Favorite,,Ahra,아라,Go Ahra,2001-02-21,,
Favorite,,Gaeul,가을,Park Gaeul,1999-05-08,,
Favorite,,Jeonghee,정희,Go Jeonghee,2000-03-11,,
Favorite,,Saebom,새봄,Kim Seyoung,1995-01-13,,
Favorite,,Seoyeon,서연,Kim Minju,1995-11-26,,
Favorite,,Sugyeong,수경,Jo Sugyeong,2000-01-12,,
Fiestar,,Cao Lu,차오루,Cao Lu,1987-08-30,,better_me_lulu
Fiestar,,Hyemi,혜미,Kim Hyemi,1990-08-10,,hyemi_haaaaam
Fiestar,,Jei,재이,Kim Jinhee,1989-09-05,,kimjeii
Fiestar,,Linzy,린지,Im Minji,1989-10-22,,linzy_minji
Fiestar,,Yezi,예지,Lee Yeji,1994-08-26,,-
FIFTY FIFTY,,Aran,아란,Jeong Eunah,2004-10-11,,
FIFTY FIFTY,,Keena,키나,Song Jakyung,2002-07-09,,
FIFTY FIFTY,,Saena,새나,Jung Sehyun,2004-03-12,,
FIFTY FIFTY,,Sio,시오,Jeong Jiho,2004-10-06,,
fromis_9,,Chaeyoung,채영,Lee Chaeyoung,2000-05-14,,
fromis_9,,Hayoung,하영,Song Hayoung,1997-09-29,,
fromis_9,,Jiheon,지헌,Baek Jiheon,2003-04-17,,
fromis_9,,Jisun,지선,Roh Jisun,1998-11-23,,
fromis_9,,Jiwon,지원,Park Jiwon,1998-03-20,,
fromis_9,,Nakyung,나경,Lee Nakyung,2000-06-01,,
fromis_9,,Saerom,새롬,Lee Saerom,1997-01-07,,
fromis_9,,Seoyeon,서연,Lee Seoyeon,2000-01-22,,
FTISLAND,,Honggi,홍기,Lee Honggi,1990-03-02,,
FTISLAND,,Jaejin,재진,Lee Jaejin,1991-12-17,,
FTISLAND,,Jonghoon,종훈,Choi Jonghoon,1990-03-07,,
FTISLAND,,Minhwan,민환,Choi Minhwan,1992-11-11,,
FTISLAND,,Seunghyun,승현,Song Seungyun,1992-08-21,,
G-reyish,,Shinyoung,신영,Park Shinyoung,2000-03-19,,
G-reyish,,Yena,예나,Jeong Yena,2000-04-10,,
G-reyish,,Yeso,예소,Lee Yeso,2001-11-13,,
Gate9,,Gaga,가가,Lee Soobin,1994-11-10,,gagag9
Gate9,,Haeyeon,해연,Lee Taeyeon,1994-01-11,,ha2y2on_gnine
Gate9,,Haru,하루,Han Sangsook,1994-07-06,,hanharuuu
Gate9,,Juju,쥬쥬,Park Juyoung,1996-01-03,,baby.juju_0
Gate9,,Kady,케이디,Gu Dokyoung,1995-04-07,,kady_g9
Gate9,,Taera,태라,Lee Yujin,1994-04-12,,taera9nine
Gate9,,Vivian,비비안,Park Sunghee,1998-12-08,,vivian__g9
Gate9,,Yeori,여리,Kim Soyeon,1994-05-30,,yeori_g9
Gate9,,Yoon,윤,Ji Hayoon,1997-07-08,,queenyunista
Geenius,,Andamiro,안다미로,Yeon Seongju,2003-05-06,,
Geenius,,Mika,미카,Yu Dahyun,2002-01-08,,
Geenius,,Sion,시온,Ryu Sion,2001-03-07,,
Geenius,,Yeyoung,예영,Choi Yeyoung,2000-05-31,,
Gfriend,,Sowon,소원,Kim Sojung,1995-12-07,,
Gfriend,,Yerin,예린,Jung Yerin,1996-08-19,,
Gfriend,,Yuju,유주,Choi Yuna,1997-10-04,,
Ghost9,,Junhyung,준형,Son Junhyung,2000-10-21,,
Ghost9,,Junseong,준성,Choi Junseong,2002-09-29,,
Ghost9,,Kangsung,강성,Lee Kangsung,2002-08-08,,
Ghost9,,Prince,프린스,Pasidh Vataniyapromote,2003-01-10,,
Ghost9,,Shin,신,Kim Suhyun,2000-03-18,,
Ghost9,,Woojin,우진,Lee Woojin,2003-04-07,,
GIDONGDAE,,Kiwon,기원,Lee Kiwon,1996-06-27,RAINZ,kiwon_1810
GIDONGDAE,,Wonjin,원진,Won Jin,2003-01-01,,
GIDONGDAE,,Yehyeon,예현,Kim Yehyeon,1999-09-12,,
Girl's Day,,Hyeri,혜리,Lee Hyeri,1994-06-09,,hyeri_0609
Girl's Day,,Minah,민아,Bang Minah,1993-05-13,,bbang_93
Girl's Day,,Sojin,소진,Park Sojin,1986-05-21,,ssozi_sojin
Girl's Day,,Yura,유라,Kim Ahyoung,1992-11-06,,yura_936
Girlkind,,Ellyn,엘린,Bang Sunhee,2002-10-19,,
Girlkind,,JK,지강,Kim Jikang,1998-03-17,,
Girlkind,,Medic Jin,메딕진,Bae Yujin,1996-08-25,,
Girlkind,,Sun J,썬제이,Jeon Heesun,2001-02-13,,
Girlkind,,Xeheun,세흔,Lee Seheun,1999-07-11,,
Girls' World,,Kyrin,카이린,Park Geumju,2000-02-23,,
Golden Child,,Bomin,보민,Choi Bomin,2000-08-24,,
Golden Child,,Daeyeol,대열,Lee Daeyeol,1993-02-11,,
Golden Child,,Jaehyun,재현,Bong Jaehyun,1999-01-04,,
Golden Child,,Jangjun,장준,Lee Jangjun,1997-03-03,,
Golden Child,,Jibeom,지범,Kim Jibeom,1999-02-03,,
Golden Child,,Joochan,주찬,Hong Joochan,1999-07-31,,
Golden Child,,Seungmin,승민,Bae Seungmin,1998-10-13,,
Golden Child,,TAG,태그,Son Youngtaek,1998-04-13,,
Golden Child,,Y,와이,Choi Sungyoon,1995-07-31,,
Good Day,,Heejin,희진,Song Heejin,1995-08-19,,
GOT7,,BamBam,뱀뱀,Kunpimook Bhuwakul,1997-05-02,,
GOT7,,Jackson,잭슨,Jackson Wang,1994-03-28,,
GOT7,,JB,제이비,Im Jaebum,1994-01-06,,
GOT7,,Jinyoung,진영,Park Jinyoung,1994-09-22,,
GOT7,,Mark,마크,Mark Yien Tuan,1993-09-04,,
GOT7,,Youngjae,영재,Choi Youngjae,1996-09-17,,
GOT7,,Yugyeom,유겸,Kim Yugyeom,1997-11-17,,
Gugudan,,Haebin,해빈,Han Haebin,1995-08-16,,
Gugudan,,Hana,하나,Shin Bora,1993-04-30,,
Gugudan,,Mimi,미미,Jung Mimi,1993-01-01,,
Gugudan,,Mina,미나,Kang Mina,1999-12-04,I.O.I,
Gugudan,,Nayoung,나영,Kim Nayoung,1995-11-23,,
Gugudan,,Sally,샐리,Liu Xiening,1996-10-23,,
Gugudan,,Sejeong,세정,Kim Sejeong,1996-08-28,I.O.I,
Gugudan,,Soyee,소이,Jang Sojin,1996-11-21,,
GWSN,,Anne,앤,Lee Seoyoung,2000-10-17,,
GWSN,,Lena,레나,Kang Rena,2002-04-17,,
GWSN,,Minju,민주,Kang Minjoo,2001-03-11,,
GWSN,,Miya,미야,Miyauchi Haruka,1993-05-26,,
GWSN,,Seokyoung,서경,Kim Seokyung,1999-04-16,,
GWSN,,Seoryoung,서령,Lee Seoryung,2000-01-26,,
GWSN,,Soso,소소,Wang Chingyi,2001-03-14,,
H.U.B,,Gracie,그레이시,Kim Gaeun,1996-10-28,,i.m_gracie
H.U.B,,Hyosun,효선,Lim Hyosun,1998-07-10,Kiwi Band,
H.U.B,,Keina,케이나,Lee Yoona,1999-02-12,,
H.U.B,,Rui,루이,Watanabe Rui,1994-10-08,N-Bulance,
H1-KEY,,Hwiseo,화서,Jo Hwihyeon,2002-07-31,,
H1-KEY,,Riina,리이나,Lee Seunghyeon,2001-02-21,,
H1-KEY,,Seoi,서이,Lee Yejin,2000-02-12,,
H1-KEY,,Yel,옐,Han Shinyoung,2004-12-25,,
Hashtag,,Aeji,애지,Kwon Aeji,1999-10-25,,
Hashtag,,Dajeong,다정,Kim Dajeong,1995-08-08,,
Hashtag,,Hyunji,현지,Kim Hyunji,1992-06-30,,
Hashtag,,Seungmin,승민,Lee Seungmin,1996-02-03,,
Hashtag,,Sojin,소진,Hong Sojin,1999-09-24,,
Hashtag,,Sua,수아,Yang Sua,1995-03-24,,
Hashtag,,Subin,수빈,Oh Subin,1998-09-30,,
HAWW,,Chanyoung,찬영,Jung Chanyoung,2004-01-31,,
HAWW,,Jeongeun,정근,Park Jeongeun,2003-04-17,,
HAWW,,Jimin,지민,Kim Jimin,2002-05-01,,
HAWW,,Juho,주호,Yang Zuho,2004-03-04,,
HAWW,,Louii,루이,Park Seonghoon,2004-03-06,,
HAWW,,Minyong,민용,Kang Minyong,2003-09-06,,
HAWW,,Seobin,서빈,Woo Seobin,2005-09-02,,
Hearts2Hearts,,Carmen,카르멘,Nyoman Ayu Carmenita,2006-03-28,,
Hearts2Hearts,,Haram,하람,Yoo Haram,2007-04-12,,
Hearts2Hearts,,Jiwoo,지우,Choi Jiwoo,2006-09-07,,
Hearts2Hearts,,Jooeun,주은,Kim Jooeun,2008-12-03,,
Hearts2Hearts,,Leean,이안,Jang Leean,2009-10-09,,
Hearts2Hearts,,Nayeon,나연,Kim Nayeon,2010-04-19,,
Hearts2Hearts,,Yuna,유나,Na Yuna,,,
Hello Venus,,Alice,앨리스,Song Joohee,1990-03-21,,jh.song_alice
Hello Venus,,Lime,라임,Kim Hyerim,1993-01-19,,hv_lime
Hello Venus,,Nara,나라,Kwon Nara,1991-03-13,,hv_nara
Hello Venus,,Seoyoung,서영,Lee Seoyoung,1994-06-27,,hv_seo0
Hello Venus,,Yeoreum,여름,Ahn Chaeyeon,1996-06-04,,
Hello Venus,,Yooyoung,유영,Lee Yooyoung,1995-01-23,,hv_u0
Hi-L,,Dakyung,다경,Jung Dakyung,2001-07-23,,
Hi-L,,Hayun,하윤,Choi Hayun,2004-01-16,,
Hi-L,,JooA,주아,Lee Juhyun,2002-03-04,,
Hi-L,,Lee Jin,이진,Shim Yerin,2001-03-12,,
Hi-L,,Soojung,수정,Hwang Soojung,2001-05-10,,
Hi-L,,Yeseul,예슬,Kim Yeseul,2004-03-24,,
Highlight,,Dongwoon,동운,Son Dongwoon,1991-06-06,Beast,
Highlight,,Doojoon,두준,Yoon Doojoon,1989-07-04,Beast,
Highlight,,Gikwang,기광,Lee Gikwang,1990-03-30,Beast,
Highlight,,Junhyung,준형,Yong Junyung,1989-12-19,Beast,
Highlight,,Yoseob,요섭,Yang Yoseob,1990-01-05,Beast,
Highteen,,Eunjin,은진,Moon Eunjin,1998-11-05,,
Highteen,,Hyebin,혜빈,Im Hyebin,1999-11-10,,
Highteen,,Hyejoo,혜주,Park Hyunjoo,1999-01-12,,
Highteen,,Sea,세아,Kim Sujeong,1999-12-05,,
Hinapia,,Bada,바다,Kim Bada,2002-05-28,,
Hinapia,,Eunwoo,은우,Jeong Eunwoo,1998-07-01,Pristin,
Hinapia,,Rena,레나,Kang Yebin,1998-10-19,Pristin,
Hinapia,,Roa,로아,Kim Minkyung,1997-07-29,Pristin,
Hinapia,,Yuha,유하,Kang Kyungwon,1997-11-05,Pristin,
HISTORY,,Dokyun,도균,Na Dokyun,1991-02-11,,
HISTORY,,Jaeho,재호,Kim Jaeho,1992-09-17,,
HISTORY,,Kyungil,경일,Song Kyungil,1987-11-28,,
HISTORY,,Sihyoung,시형,Kim Sihyoung,1992-05-15,,
HISTORY,,Yijeong,이정,Jang Yijeong,1993-09-10,,
Ho1iday,,Cheongeum,청음,Jang Cheongeum,1996-06-19,,
Ho1iday,,Dany,다니,Jeon Eunji,1998-01-20,,
Ho1iday,,Haru,하루,Lee Yoojeong,1997-02-26,MyB,
Ho1iday,,Heejoo,희주,Jeon Heejoo,1996-11-30,MyB,
Honey Popcorn,,Miko,미코,Matsuda Miko,1995-10-28,,
Honey Popcorn,,Moko,모코,Sakura Moko,1991-03-19,,
Honey Popcorn,,Yua,유아,Mikami Yua,1993-08-16,,
Hot Blood Youth,,Bin,빈,Kwon Soobin,1993-10-28,,
Hot Blood Youth,,Jisan,지산,Choi Jinsang,1999-11-03,,
Hot Blood Youth,,Kyuhyuk,규혁,Shim Kyuhyuk,1995-01-11,,
Hot Blood Youth,,Marco,마르코,Lee Hyunggeun,1994-05-11,,
Hot Blood Youth,,Taro,타로,Choi Wonjin,1994-11-09,,
HOT ISSUE,,Dain,다인,Jung Dain,2004-12-15,,
HOT ISSUE,,Dana,다나,Jang Dana,2003-12-25,,
HOT ISSUE,,Hyeongshin,형신,Kim Hyungshin,2002-05-03,,
HOT ISSUE,,Mayna,메이나,Simone Shaoxi Mengna,2000-05-12,,
HOT ISSUE,,Yebin,예빈,Kim Yebin,2004-11-01,,
HOT ISSUE,,Yewon,예원,Park Yewon,2004-01-11,,
HOTSHOT,,Hojung,호정,Go Hojung,1994-10-20,,
HOTSHOT,,Junhyuk,준혁,Choi Junhyuk,1992-04-21,,
HOTSHOT,,Taehyun,태현,Noh Taehyun,1993-10-15,,
HOTSHOT,,Timoteo,티모테오,Kim Moongyu,1993-01-25,,
HOTSHOT,,Yoonsan,윤산,Yoon Sanghyuk,1994-08-22,,
I-DLE,,Minnie,민니,Nicha Yontararak,1997-10-23,,
I-DLE,,Miyeon,미연,Jo Miyeon,1997-01-31,,
I-DLE,,Shuhua,슈화,Yeh Shuhua,2000-01-06,,
I-DLE,,Soyeon,소연,Jeon Soyeon,1998-08-26,,
I-DLE,,Yuqi,우기,Song Yuqi,1999-09-23,,
I.B.I,,Han Hyeri,한혜리,Han Hyeri,1997-08-24,,soh_eee
I.B.I,,Lee Haein,이해인,Lee Haein,1992-07-04,,
I.B.I,,Lee Suhyun,이수현,Lee Suhyun,1996-11-05,,
ICHILLIN',,Chowon,초원,Kim Chowon,2005-08-18,,
ICHILLIN',,E.Ji,이지,Choi Jiwon,2000-11-08,,
ICHILLIN',,Jackie,재키,Kang Chaeyeon,2001-11-17,,
ICHILLIN',,Jiyoon,지윤,Jeong Jiyoon,2000-09-15,,
ICHILLIN',,Yeju,예주,Kim Yeju,2004-02-01,,
iKON,,Bobby,바비,Kim Jiwon,1995-12-21,,
iKON,,Chan,찬,Jung Chanwoo,1998-01-26,,
iKON,,DK,디케이,Kim Donghyuk,1997-01-03,,
iKON,,Jay,제이,Kim Jinhwan,1994-02-07,,
iKON,,Ju-ne,준회,Koo Junhoe,1997-03-31,,
iKON,,Song,송,Song Yunhyeong,1995-02-08,,
ILLIT,,Iroha,이로하,Hokazuno Iroha,2008-02-04,,
ILLIT,,Minju,민주,Park Minju,2004-05-11,,
ILLIT,,Moka,모카,Sakai Moka,2004-10-08,,
ILLIT,,Wonhee,원희,Lee Wonhee,2007-06-26,,
ILLIT,,Yunah,윤아,Noh Yunah,2004-01-15,,
ILY:1,,Elva,엘바,Lee Yonghwa,2003-05-05,,
ILY:1,,Hana,하나,Hayase Hana,2000-02-27,,
ILY:1,,Ririka,리리카,Kishida Ririka,2002-07-02,,
ILY:1,,Rona,로나,Chang Ching,2002-06-05,,
IM,,Gijung,기중,Kim Gijung,2001-01-24,,
IM,,Giseok,기석,Jun Giseok,1997-05-02,,
IM,,Taeeun,태은,Moon Taeeun,2000-02-09,,
IN2IT,,Hyunuk,현욱,Han Hyunuk,1994-09-26,,
IN2IT,,Inho,인호,Hwang Inho,1993-06-21,,
IN2IT,,Inpyo,인표,Lee Inpyo,1995-08-14,,
IN2IT,,Isaac,아이젝,Voo Isaak,1994-12-12,,
IN2IT,,Jiahn,지안,Yoo Jiahn,1992-04-01,,
IN2IT,,Sunghyun,성현,Kim Sunghyun,1996-03-16,,
IN2IT,,Yeontae,연태,Jeong Yeontae,1992-07-06,,
Infinite,,Dongwoo,동우,Jang Dongwoo,1990-11-22,,
Infinite,,L,엘,Kim Myungsoo,1992-03-13,,
Infinite,,Sungjong,성종,Lee Sungjong,1993-09-03,,
Infinite,,Sungkyu,성규,Kim Sungkyu,1989-04-28,,
Infinite,,Sungyeol,성열,Lee Sungyeol,1991-08-27,,
Infinite,,Woohyun,우현,Nam Woohyun,1991-02-08,,
IRRIS,,Liv,리브,Kim Chaeyoung,1997-07-05,"Good Day, RedSquare",
IRRIS,,Nina,니나,Nina Nadia Mateer,2003-03-15,,
IRRIS,,Yunseul,윤슬,Hwang Nayoon,1999-03-30,"Good Day, RedSquare",
ITZY,,Chaeryeong,채령,Lee Chaeryeong,2001-06-05,,
ITZY,,Ryujin,류진,Shin Ryujin,2001-04-17,,
ITZY,,Yeji,예지,Hwang Yeji,2000-05-26,,
ITZY,,Yuna,유나,Shin Yuna,2003-12-09,,
IVE,,Gaeul,가을,Kim Gaeul,2002-09-24,,
IVE,,Leeseo,이서,Lee Hyunseo,2007-02-21,,
IVE,,Rei,레이,Naoi Rei,2004-02-03,,
IVE,,Wonyoung,원영,Jang Wonyoung,2004-08-31,IZ*ONE,
IVE,,Yujin,유진,Ahn Yujin,2003-09-01,IZ*ONE,
IZ,,Hyunjun,현준,Lee Hyunjun,1999-12-21,,
IZ,,Jihoo,지후,Lim Soojung,1998-08-05,,
IZ*ONE,,Chaeyeon,채연,Lee Chaeyeon,2000-01-11,,
IZ*ONE,,Eunbi,은비,Kwon Eunbi,1995-09-27,,
IZ*ONE,,Hitomi,히토미,Honda Hitomi,2001-10-06,,
IZ*ONE,,Hyewon,혜원,Kang Hyewon,1999-07-05,,
IZ*ONE,,Minjoo,민주,Kim Minjoo,2001-02-05,,
IZ*ONE,,Nako,나코,Yabuki Nako,2001-06-18,,
IZ*ONE,,Yena,예나,Choi Yena,1999-09-29,,
IZ*ONE,,Yuri,유리,Jo Yuri,2001-10-22,,
JBJ,,Hyunbin,현빈,Kwon Hyunbin,1997-03-04,,
JBJ,,Kenta,켄타,Takada Kenta,1995-01-10,,
JBJ,,Longguo,룽궈,Jin Longguo,1996-03-02,,
JBJ95,,Kim Sanggyun,김상균,Kim Sanggyun,1995-05-23,"Topp Dogg, XENO-T",
JUST B,,Bain,배인,Song Byeonghee,2001-05-04,,
JUST B,,DY,도염,Jeon Doyum,2002-02-21,1the9,
JUST B,,Geonu,건우,Lee Geonwoo,2001-02-02,,
JUST B,,JM,지민,Chu Jimin,2001-10-11,,
JUST B,,Lim Jimin,임지민,Lim Jimin,2001-05-22,,
JUST B,,Sangwoo,상우,Kim Sangwoo,2002-09-03,,
JWiiver,,Gabin,가빈,Yoo Seunghyun,2001-09-11,,
JWiiver,,Jukang,주강,Lee Hyowon,2002-11-22,,
JWiiver,,Raots,라오츠,Ren Yuchen,2000-03-01,,
JWiiver,,Rihan,리한,Choi Yeonsik,1998-05-22,,
JWiiver,,Roshin,로신,Bae Sijun,2001-04-13,,
JWiiver,,Ryujei,류제이,Chae Hocheol,1997-11-08,,
JWiiver,,Shita,시타,Chae Gaho,1998-10-01,,
JYJ,,Jaejoong,재중,Kim Jaejoong,1986-01-26,TVXQ,
JYJ,,Xia Junsu,시아 준수,Kim Junsu,1986-12-15,TVXQ,
JYJ,,Yoochun,유천,Park Yoochun,1986-07-04,TVXQ,
KARA,,Gyuri,규리,Park Gyuri,1988-05-21,,
KARA,,Hara†,하라,Koo Hara,1991-01-13,,
KARA,,Jiyoung,지영,Kang Jiyoung,1994-01-18,,
KARA,,Nicole,니콜,Nicole Jung,1991-10-07,,
KARA,,Seungyeon,승연,Han Seungyeon,1988-07-24,,
KARA,,Youngji,영지,Hur Youngji,1994-08-30,,
KARD,,BM,비엠,Matthew Kim,1992-10-20,,
KARD,,Jiwoo,지우,Jeon Jiwoo,1996-10-04,,
KARD,,Somin,소민,Jeon Somin,1996-08-22,April,
KEEMBO,,Boa,보아,Kim Boah,1987-01-14,SPICA,
KEEMBO,,Bohyung,보형,Kim Bohyung,1991-03-31,SPICA,
KELT9b,,Chaerin,채린,Lee Chaerin,2007-07-07,,
KELT9b,,Euijeong,연의정,Yeon Euijeong,2001-07-21,,
KELT9b,,Minju,민주,Seo Minju,2003-09-29,,
KELT9b,,Suhyun,수현,Yoo Suhyun,2000-08-15,,
KELT9b,,Youngjae,영채,Jo Youngjae,2003-10-19,,
Kep1er,,Bahiyyih,바히에,Huening Bahiyyih,2004-07-27,,
Kep1er,,Dayeon,다연,Kim Dayeon,2003-03-02,,
Kep1er,,Hikaru,히카루,Ezaki Hikaru,2004-03-12,,
Kep1er,,XiaoTing,샤오팅,Shen Xiao Ting,1999-11-12,,
Kep1er,,Youngeun,영은,Seo Youngeun,2004-12-27,,
Kep1er,,Yujin,유진,Choi Yujin,1996-08-12,CLC,
Kingdom,,Arthur,아서,Jang Yunho,2000-04-15,VARSITY,
Kingdom,,Chiwoo,치우,Guk Seungjun,2002-09-02,,
Kingdom,,Dann,단,Jung Seungbo,1997-11-01,VARSITY,
Kingdom,,Ivan,아이반,Park Yooseong,2001-10-12,,
Kingdom,,Jahan,자한,Im Jihun,2002-08-01,,
Kingdom,,Louis,루이,Yang Dongsik,2001-04-08,,
Kingdom,,Mujin,무진,Ko Sungho,2000-11-20,,
KISS OF LIFE,,Belle,벨,Shim Hyewon,2004-03-20,,
KISS OF LIFE,,Haneul,하늘,Won Haneul,2005-05-25,,
KISS OF LIFE,,Julie,쥴리,Julie Han,2000-03-29,,
KISS OF LIFE,,Natty,나띠,Ahnatchaya Suputhipong,2002-05-30,,
KNK,,Dongwon,동원,Lee Dongwon,1994-01-01,,
KNK,,Heejun,희준,Oh Heejun,1996-05-08,,
KNK,,Inseong,인성,Jeong Inseong,1994-07-01,,
KNK,,Seoham,서함,Park Seoham,1993-10-28,,
LABOUM,,Haein,해인,Yeom Haein,1995-05-19,,
LABOUM,,Solbin,솔빈,Ahn Solbin,1997-08-19,,
LABOUM,,Soyeon,소연,Jung Soyeon,1994-05-04,,
LABOUM,,ZN,지엔,Bae Jinye,1994-06-09,,
Ladies' Code,,Ashley,애슐리,Ashley Choi,1991-11-09,,
Ladies' Code,,Sojung,소정,Lee Sojung,1993-09-03,,
Ladies' Code,,Zuny,주니,Kim Joomi,1994-12-08,,
Lapillus,,Bessie,베시,Kim Susanna,2004-07-15,,
Lapillus,,Chanty,샨티,Maria Chantal Videla,2002-12-15,,
Lapillus,,Haeun,하은,Lim Haeun,2008-11-02,,
Lapillus,,Seowon,서원,Jang Seowon,2006-12-05,,
Lapillus,,Shana,샤나,Nonaka Shana,2003-03-13,,
Lapillus,,Yue,유에,Nancy Yang,2004-07-03,,
LE SSERAFIM,,Eunchae,은채,Hong Eunchae,2006-11-10,,
LE SSERAFIM,,Kazuha,카즈하,Nakamura Kazuha,2003-08-09,,
LE SSERAFIM,,Sakura,사쿠라,Miyawaki Sakura,1998-03-19,IZ*ONE,
LE SSERAFIM,,Yunjin,윤진,Huh Yunjin,2001-10-08,,
LIGHTSUM,,Chowon,초원,Han Chowon,2002-09-16,,
LIGHTSUM,,Hina,히나,Nagai Hina,2003-04-07,,
LIGHTSUM,,Juhyeon,주현,Lee Juhyeon,2004-04-08,,
LIGHTSUM,,Sangah,상아,Yoo Sangah,2002-09-04,,
LIGHTSUM,,Yujeong,유정,Lee Yujeong,2004-06-14,,
Limitless,,A.M,에이엠,Seong Hyunwoo,1996-12-31,,
Limitless,,Heeseok,희석,Yun Heeseok,1997-06-10,,
Limitless,,Hwichan,휘찬,Lee Heechan,1996-04-18,,
Limitless,,Moonvok,문복,Jang Moonvok,1995-04-11,,
Loossemble,,Gowon,고원,Park Chaewon,2000-11-19,LOONA,
Loossemble,,Hyeju,혜주,Son Hyeju,2001-11-13,LOONA,
Loossemble,,Hyunjin,현진,Kim Hyunjin,2000-11-15,LOONA,
Loossemble,,Vivi,비비,Wong Viian,1996-12-09,LOONA,
Loossemble,,Yeojin,여진,Im Yeojin,2002-11-11,LOONA,
Lovelyz,,Babysoul,베이비소울,Lee Soojung,1992-07-06,,
Lovelyz,,Jiae,지애,Yoo Jiae,1993-05-21,,
Lovelyz,,JIN,진,Park Myungeun,1996-06-12,,
Lovelyz,,Jisoo,지수,Seo Jisoo,1994-02-11,,
Lovelyz,,Kei,케이,Kim Jiyeon,1995-03-20,,
Lovelyz,,Mijoo,미주,Lee Mijoo,1994-09-23,,
Lovelyz,,Sujeong,수정,Ryu Sujeong,1997-11-19,,
Lovelyz,,Yein,예인,Jeong Yein,1998-06-04,,
Luminous,,Steven,스티븐,Kim Steven,2000-01-17,,
Luminous,,Suil,수일,Ma Suil,1999-03-30,,
Luminous,,Woobin,우빈,Jeong Woobin,2000-04-01,,
Luminous,,Youngbin,영빈,Jeong Youngbin,1998-10-05,,
LUN8,,Chael,카엘,Lim Junyeop,2001-12-07,,
LUN8,,Dohyun,도현,Park Dohyun,2003-10-23,,
LUN8,,Eunseop,은섭,Kim Eunseop,2006-06-18,,
LUN8,,Ian,이안,Ro Sungchul,2003-12-11,,
LUN8,,Jinsu,진수,Park Jinsu,2003-02-05,,
LUN8,,Junwoo,준우,Sim Junwoo,2003-09-21,,
LUN8,,Takuma,타쿠마,Sato Takuma,2003-08-05,,
LUNARSOLAR,,Eseo,이서,Noh Hyunjung,1996-03-04,,
LUNARSOLAR,,Jian,지안,Kwon Jieun,2001-03-14,S.E.T,
LUNARSOLAR,,Taeryeong,태령,Lim Jeongmin,2000-12-27,,
LUNARSOLAR,,Yuuri,유우리,Tokunaga Yuuri,2001-05-16,,
Madein,,Gaeun,가은,Oh Gaeun,2005-11-08,,
Madein,,Mashiro,마시로,Sakamoto Mashiro,1999-12-16,,
Madein,,MiU,미유,Ito Miyu,2003-01-09,,
Madein,,Nagomi,나고미,Abe Nagomi,2007-07-02,,
Madein,,Serina,세리나,Saito Serina,2006-05-03,,
Madein,,Suhye,수혜,Kim Suhye,2004-12-13,,
Madein,,Yeseo,예서,Kang Yeseo,2005-08-22,Busters,
MAJORS,,Aki,아키,Jang Minju,2001-02-12,,
MAJORS,,Bian,비안,Yu Jiwon,2001-02-13,ANS,
MAJORS,,Ida,아이다,Ko Chaeyoung,2000-05-19,,
MAJORS,,Shinye,신예,Kam Yerim,2004-03-07,,
MAJORS,,Suzy,수지,Kim Suji,2001-06-03,,
Maka Maka,,Chaewon,채원,Lee Chaewon,2000-03-18,,
Maka Maka,,Daseul,다슬,Yang Daseul,2000-09-14,,
Maka Maka,,Dia,디아,Kwak Minnyeong,1999-09-03,,
Maka Maka,,EunB,은비,Shin Eunbi,2000-09-17,Lip Bubble,
Maka Maka,,Heesu,희수,Kim Heesu,1998-03-24,,
Mamamoo,,Hwasa,화사,Ahn Hyejin,1995-07-23,,
Mamamoo,,Moonbyul,문별,Moon Byulyi,1992-12-22,,
Mamamoo,,Solar,솔라,Kim Yongsun,1991-02-21,,
Mamamoo,,Wheein,휘인,Jung Wheein,1995-04-17,,
Matilda,,Dan-a,단아,Park Seungyeon,1993-06-26,,
Matilda,,Haena,해나,Lee Haena,1991-06-02,,
Matilda,,Saebyeol,새별,Han Saebyeol,1996-05-23,,
Matilda,,Semmi,세미,Oh Heesun,1995-10-22,,
MBLAQ,,G.O,지오,Jung Byunghee,1987-11-06,,
MBLAQ,,Mir,미르,Bang Cheolyong,1991-03-10,,
MBLAQ,,Seungho,승호,Yang Seungho,1987-10-16,,
MCND,,Bic,빅,Nam Seungmin,2001-04-25,,
MCND,,Castle J,캐슬제이,Son Sangjoon,1999-05-31,,
MCND,,Huijun,휘준,Noh Huijun,2003-10-07,,
MCND,,Minjae,민재,Song Minjae,2003-08-23,,
MCND,,Win,윈,Bang Junhyuk,2004-12-19,,
MELODYDAY,,Chahee,차희,Park Sooyoung,1996-03-24,,hichaheebye
MELODYDAY,,Yein,예인,Ahn Yein,1995-05-04,,yen_thankful954
MELODYDAY,,Yeoeun,여은,Jung Jieun,1990-01-25,,yeosilver
MELODYDAY,,Yoomin,유민,Na Yoomin,1993-08-29,,im.umin
mimiirose,,Hyori,효리,Inn Hyori,2000-06-02,,
mimiirose,,Jia,지아,Yoon Jia,2004-01-16,,
mimiirose,,Yeonjae,연재,Choi Yeonjae,2000-12-06,,
mimiirose,,Yewon,예원,Han Yewon,2003-02-07,,
mimiirose,,Yunju,윤주,Seo Yunju,2005-12-26,,
Mirae,,Dongpyo,동표,Son Dongpyo,2002-09-09,X1,
Mirae,,Douhyun,도현,Yoo Douhyun,2000-12-25,,
Mirae,,Junhyuk,이준혁,Lee Junhyuk,2000-05-16,,
Mirae,,Khael,카엘,Lee Sangmin,2002-01-18,,
Mirae,,Lien,리안,Shimada Sho,1998-03-11,,
Mirae,,Siyoung,시영,Park Siyoung,2003-05-06,,
Mirae,,Yubin,유빈,Jang Yubin,2004-06-10,,
miss A,,Fei,페이,Wang FeiFei,1987-04-27,,ff0427
miss A,,Jia,지아,Meng Jia,1989-02-03,,mjbaby0203
miss A,,Min,민,Lee Minyoung,1991-06-21,,therealminnn
miss A,,Suzy,수지,Bae Suji,1994-10-10,,skuukzky
MIXX,,Arie,아리,Jeon Minjae,2000-04-07,,
MIXX,,Hanna,한나,Shin Jiyeon,1994-02-19,,
MIXX,,Heeyu,희유,Choi Heejae,1995-06-30,,
MIXX,,Liyah,리야,Moon Liya,2000-05-11,,
MIXX,,Mia,미아,Son Hyunmi,1997-12-31,,
MOMOLAND,,AhIn,아인,Lee Ahin,1999-09-27,,
MOMOLAND,,Hyebin,혜빈,Lee Hyebin,1996-01-12,,
MOMOLAND,,Jane,제인,Sung Jiyeon,1997-12-20,,
MOMOLAND,,Joo E,주이,Lee Joowon,1999-08-18,,
MOMOLAND,,Nancy,낸시,Nancy Mcdonie,2000-04-13,,
MOMOLAND,,Nayun,나윤,Kim Nayun,1998-07-31,,
MONSTA X,,Hyungwon,형원,Chae Hyungwon,1994-01-15,,
MONSTA X,,I.M,아이엠,Lim Changkyun,1996-01-26,,
MONSTA X,,Jooheon,주헌,Lee Jooheon,1994-10-06,,
MONSTA X,,Kihyun,기현,Yoo Kihyun,1993-11-22,,
MONSTA X,,Shownu,셔누,Son Hyunwoo,1992-06-18,,
MONT,,Bitsaeon,빛새온,Kim Sangyeon,1995-06-04,,
MONT,,Narachan,나라찬,Jung Hyunwoo,1996-09-23,,
MONT,,Roda,로다,Shin Joongmin,1998-09-19,,
MY.st,,Juntae,준태,Kim Juntae,1995-09-04,,
MY.st,,Keonwoo,건우,Kim Keonwoo,1996-12-17,,
MY.st,,Woncheol,원철,Jung Woncheol,1996-01-12,,
MYNAME,,Chaejin,채진,Chae Jinseok,1995-12-26,,
MYNAME,,Gunwoo,건우,Lee Gunwoo,1989-01-30,,
MYNAME,,Insoo,인수,Kang Insoo,1988-03-10,,
MYNAME,,JunQ,준규,Kang Junkyu,1993-08-09,,
MYNAME,,Seyong,세용,Kim Seyong,1991-11-20,,
N.Flying,,Cha Hoon,차훈,Cha Hoon,1994-07-12,,
N.Flying,,Hweseung,회승,Yoo Hweseung,1995-02-28,,
N.Flying,,Jaehyun,재현,Kim Jaehyun,1994-07-15,,
N.Flying,,Kwangjin,광진,Kwon Kwangjin,1992-08-12,CNBLUE,
N.Flying,,Seunghyub,승협,Lee Seunghyub,1992-10-31,,
NATURE,,Aurora,오로라,Yang Lan,1997-01-14,,
NATURE,,Chaebin,채빈,Choi Yoobin,1999-07-28,,
NATURE,,Haru,하루,Abe Haruno,2000-02-21,,
Nature,,Loha,로하,Kang Yejin,2001-12-27,,
NATURE,,Lu,루,Im Hayoung,1997-12-03,,
NATURE,,Saebom,새봄,Kim Saerok,1997-01-30,,
Nature,,Sohee,김소희,Kim Sohee,1995-01-20,I.B.I,
NATURE,,Sunshine,선샤인,Kim Minjung,2002-06-20,,
NATURE,,Uchae,유채,Yu Hyejun,2002-05-07,,
NCT,,Chenle,천러,Zhong Chenle,2001-11-22,,
NCT,,Doyoung,도영,Kim Dongyoung,1996-02-01,,
NCT,,Haechan,해찬,Lee Donghyuk,2000-06-06,,
NCT,,Jaehyun,재현,Jung Yoonoh,1997-02-14,,
NCT,,Jaemin,재민,Na Jaemin,2000-08-13,,
NCT,,Jeno,제노,Lee Jeno,2000-04-23,,
NCT,,Jisung,지성,Park Jisung,2002-02-05,,
NCT,,Johnny,쟈니,John Seo,1995-02-09,,
NCT,,Jungwoo,정우,Kim Jungwoo,1998-02-19,,
NCT,,Kun,쿤,Qian Kun,1996-01-01,,
NCT,,Mark,마크,Mark Lee,1999-08-02,,
NCT,,Renjun,런쥔,Hwang Renjun,2000-03-23,,
NCT,,Taeil,태일,Moon Taeil,1994-06-14,,
NCT,,Taeyong,태용,Lee Taeyong,1995-07-01,,
NCT,,Ten,텐,Chittaphon Leechaiyapornkul,1996-02-27,,
NCT,,Winwin,윈윈,Dong Sicheng,1997-10-28,,
NCT,,Yuta,유타,Nakamoto Yuta,1995-10-26,,
NewJeans,,Danielle,다니엘,Mo Jihye,2005-04-11,,
NewJeans,,Haerin,해린,Kang Haerin,2006-05-15,,
NewJeans,,Hanni,하니,Pham Ngoc Han,2004-10-06,,
NewJeans,,Hyein,혜인,Lee Hyein,2008-04-21,,
Newkidd,,Choi Jiann,최지안,Choi Jaewoo,1997-09-30,,
Newkidd,,Hwi,휘,Jo Mingyu,2002-09-26,,
Newkidd,,Ji Hansol,지한솔,Ji Hansol,1994-11-21,UNB,jisol_11
Newkidd,,Jinkwon,진권,Kim Jinkwon,2001-01-31,,
Newkidd,,Seungchan,승찬,Kang Seungchan,2003-01-01,,
Newkidd,,Woochul,우철,Shin Woochul,2002-10-02,,
Newkidd,,Yunmin,윤민,Yun Min,2001-02-26,,
NINE.i,,Eden,이든,Jae Won,1998-03-27,,
NINE.i,,Jewon,제원,Woo Jewon,1998-11-28,,
NINE.i,,Jiho,지호,Jang Jiho,2004-08-10,,
NINE.i,,Joohyoung,주형,Kim Joohyoung,2003-03-15,,
NINE.i,,Seowon,서원,Seo Won,2000-12-18,,
NINE.i,,Taehun,태훈,Lee Taehoon,2000-03-21,,
NINE.i,,Vari,베리,Jae Hyun,2000-09-03,,
NINE.i,,Winnie,위니,Pattipong Kasemsant,1998-11-18,,
NMIXX,,Bae,배이,Bae Jinsol,2004-12-28,,
NMIXX,,Haewon,해원,Oh Haewon,2003-02-25,,
NMIXX,,Kyujin,규진,Jang Kyujin,2006-05-26,,
NMIXX,,Lily,릴리,Lily Jin Morrow,2002-10-17,,
NMIXX,,Sullyoon,설윤,Seol Yoona,2004-01-26,,
NU'EST,,Aron,아론,Kwak Youngmin,1993-05-21,,
NU'EST,,Baekho,백호,Kang Dongho,1995-07-21,,
NU'EST,,Minhyun,민현,Hwang Minhyun,1995-08-09,Wanna One,
NU'EST,,Ren,렌,Choi Minki,1995-11-03,,
Oh My Girl,,Arin,아린,Choi Yewon,1999-06-18,,
Oh My Girl,,Hyojung,효정,Choi Hyojung,1994-07-28,,
Oh My Girl,,Mimi,미미,Kim Mihyun,1995-05-01,,
Oh My Girl,,Seunghee,승희,Hyun Seunghee,1996-01-25,,
Oh My Girl,,Yooa,유아,Yoo Siah,1995-09-17,,
Oh My Girl,,Yubin,유빈,Bae Yubin,1997-09-09,,
OMEGA X,,Hangyeom,한겸,Song Hangyeom,1996-07-17,7 O'clock,
OMEGA X,,Hyuk,혁,Yang Hyuk,2000-03-15,ENOi,
OMEGA X,,Jaehan,재한,Kim Jaehan,1995-07-01,Spectrum,
OMEGA X,,Jehyun,제현,Moon Jehyun,1999-04-20,1TEAM,
OMEGA X,,Junghoon,정훈,Han Jeonghoon,2000-02-14,ENOi,
OMEGA X,,Taedong,태동,Kim Taedong,1997-11-07,GIDONGDAE,
OMEGA X,,XEN,젠,Lee Jinwoo,1998-02-20,1TEAM,
OMEGA X,,Yechan,예찬,Shin Yechan,2001-05-14,1the9,
ONE PACT,,Jay Chang,제이창,Jay Steven Kapossy,2001-03-08,M.O.N.T Arena,
ONE PACT,,Jongwoo,종우,Yoon Jongwoo,2000-06-12,Black Level,
ONE PACT,,TAG,태그,Yeom Taekyun,2002-09-30,Ciipher,
ONE PACT,,Yedam,예담,Lee Yedam,2003-01-19,,
Oneus,,Hwanwoong,환웅,Yeo Hwanwoong,1998-08-26,,
Oneus,,Keonhee,건희,Lee Keonhee,1998-06-27,,
Oneus,,Leedo,이도,Kim Geonhak,1997-07-26,,
Oneus,,Ravn,레이븐,Kim Yoongjo,1995-09-02,,
Oneus,,Seoho,서호,Lee Seoho,1996-06-07,,
Oneus,,Xion,시온,Son Dongju,2000-01-10,,
Onewe,,Cya,키야,Lee Giwook,2000-01-24,MAS,
Onewe,,Dongmyeong,동명,Son Dongmyeong,2000-01-20,MAS,
Onewe,,Harin,주하린,Ju Harin,1998-03-29,MAS,
Onewe,,Kanghyun,강현,Kang Hyungu,1998-11-24,MAS,
Onewe,,Yonghoon,용훈,Jin Yonghoon,1994-08-17,MAS,
ONF,,E-tion,이션,Lee Changyoon,1994-12-24,,
ONF,,Hyojin,효진,Kim Hyojin,1994-04-22,,
ONF,,J-Us,제이어스,Lee Seungjoon,1995-01-13,,
ONF,,MK,엠케이,Park Minkyun,1995-11-16,,
ONF,,U,유,Mizuguchi Yuto,1999-03-16,,
ONF,,Wyatt,와이엇,Shim Jaeyoung,1995-01-23,,
OnlyOneOf,,Junji,준지,Kim Junhyung,1998-04-06,,
OnlyOneOf,,KB,규빈,Shin Kyubin,1994-04-23,,
OnlyOneOf,,Mill,밀,Lee Yongsoo,1999-03-30,,
OnlyOneOf,,Nine,나인,Jung Wookjin,1999-12-13,,
OnlyOneOf,,Rie,리에,Lee Seungho,1996-11-06,,
OnlyOneOf,,Yoojung,유정,Lee Taeyeop,1997-05-19,,
P.O.P,,Ahyung,아형,Kang Ahyoung,1996-08-27,,
P.O.P,,Haeri,해리,Jung Haeri,1997-01-14,,
P.O.P,,Miso,미소,Park Jihyun,1996-09-16,,
P.O.P,,Seol,설,Min Jihye,1997-01-01,,
P.O.P,,Yeonha,연하,Ahn Yeonji,2000-05-19,,
P.O.P,,Yeonjoo,연주,Song Yeonjoo,1997-06-26,,
P1Harmony,,Intak,인탁,Hwang Intak,2003-08-31,,
P1Harmony,,Jiung,지웅,Choi Jiwoong,2001-10-07,,
P1Harmony,,Jongseob,종섭,Kim Jongseob,2005-11-19,,
P1Harmony,,Keeho,기호,Yoon Kiho,2001-09-27,,
P1Harmony,,Soul,소울,Haku Shota,2005-02-01,,
P1Harmony,,Theo,태오,Choi Taeyang,2001-07-01,,
PENTAGON,,Hongseok,홍석,Yang Hongseok,1994-04-17,,
PENTAGON,,Hui,후이,Lee Hwitaek,1993-08-28,,
PENTAGON,,Jinho,조진호,Jo Jinho,1992-04-17,,
PENTAGON,,Kino,키노,Kang Hyungku,1998-01-27,,
PENTAGON,,Shinwon,신원,Go Shinwon,1995-12-11,,
PENTAGON,,Wooseok,우석,Jeong Wooseok,1998-01-31,,
PENTAGON,,Yan An,옌안,Yan An,1996-10-25,,
PENTAGON,,Yeo One,여원,Yeon Changgu,1996-03-27,,
PENTAGON,,Yuto,유토,Adachi Yuto,1998-01-23,,
Pink Fantasy,,Arang,아랑,Park Yerim,2001-01-22,,
Pink Fantasy,,Daewang Nim,대왕님,Daewang Nim,1996-04-08,,
Pink Fantasy,,Harin,하린,Park Guenhye,2000-05-26,,
Pink Fantasy,,Heesun,희선,Park Heesun,2005-01-25,,
Pink Fantasy,,Miku,미쿠,Katae Miku,2002-10-09,,
Pink Fantasy,,Momoka,모모카,Matsuda Momoka,2000-12-26,,
Pink Fantasy,,Seea,시아,Kang Eunyoung,1994-08-21,,
Pink Fantasy,,Yechan,예찬,Kim Yechan,1995-11-26,,
Pixy,,Dajeong,다정,Jung Dajeong,2003-07-31,,
Pixy,,Dia,디아,Choi Eunji,2001-07-16,,
Pixy,,Rinji,린지,Hwang Rinji,2006-05-05,,
Pixy,,Sua,수아,Choi Sooah,2003-02-24,,
Playback,,Eunjin,은진,Ma Eunjin,1997-05-23,,sunghyuk_seo
Playback,,Hayoung,하영,Lee Hayoung,1993-08-03,,
Playback,,Woolim,우림,Hwang Woolim,1996-08-29,,
Playback,,Yujin,유진,Seo Yoojin,1994-06-18,,
Playback,,Yunji,윤지,Lee Yunji,1992-04-04,,
POW,,Dongyeon,동연,Justin Lajo,2003-09-26,,
POW,,Hong,홍,Kim Hong,2005-06-23,,
POW,,Hyunbin,현빈,Koo Hyunbin,2003-05-29,,
POW,,Jungbin,정빈,Lim Jungbin,2003-07-22,,
POW,,Yorch,요치,Yongsin Wongpanitnont,2002-04-11,,
PRECIOUS,,EunB,은비,Byun Eunbi,2000-11-23,,
PRECIOUS,,Hanbyul,한별,Kyung Hanbyul,2005-07-01,,
PRECIOUS,,Hanwoom,한움,Byun Hanwoom,2001-06-05,,
PRECIOUS,,Jihyo,지효,Lee Jihyo,2001-04-22,,
PRECIOUS,,Lee Soo,이수,Jin Isoo,2001-06-27,,
PRIMROSE,,Hayun,하윤,Ha Seyun,2003-11-20,,
PRIMROSE,,Nahyun,나현,Kang Nahyun,2002-01-25,HOT ISSUE,
PRIMROSE,,Rainie,레이니,Chu Chingyu,2000-11-16,bugAboo,
Pristin,,Kyla,카일라,Kyla Massie,2001-12-26,,
Pristin,,Kyulkyung,결경,Zhou Jieqiong,1998-12-16,,
Pristin,,Nayoung,나영,Im Nayoung,1995-12-18,,
Pristin,,Sungyeon,성연,Bae Sungyeon,1999-05-25,,
Pristin,,Xiyeon,시연,Park Junghyun,2000-11-14,,
Pungdeng-E,,Blue,파랑,Jung Gahee,1994-01-18,,
Pungdeng-E,,Red,빨강,Lee Heejin,1991-07-10,,
Pungdeng-E,,Yellow,노랑,Kim Eunbi,1993-05-05,,
Purple Kiss,,Dosie,도시,Jang Eunseung,2000-02-11,,
Purple Kiss,,Goeun,고은,Na Goeun,1999-09-03,,
Purple Kiss,,Ireh,이레,Cho Seoyoung,2002-04-30,,
Purple Kiss,,Swan,수안,Park Soojin,2003-07-11,,
Purple Kiss,,Yuki,유키,Mori Koyuki,2002-11-06,,
Purplebeck,,Layeon,라연,Lee Jimin,1998-08-13,,
Purplebeck,,Seyeon,세연,Park Seyeon,2001-05-06,,
Purplebeck,,Yeowool,여울,Ha Yeowool,1998-04-11,,
Purplebeck,,Yerim,예림,Jeong Yerim,1997-03-10,,
Queenz Eye,,Ahyoon,아윤,Shin Ahyoon,2003-09-24,,
Queenz Eye,,Damin,다민,Kang Damin,2004-03-24,,
Queenz Eye,,Hannah,해나,Bae Hyunyoung,1999-10-23,,
Queenz Eye,,Narin,나린,Lee Eunseo,2000-06-06,,
Queenz Eye,,Wonchae,원채,Hwang Chaewon,2002-12-22,,
QWER,,Chodan,쵸단,Hong Ji-hye,1998-11-01,,@choda._.n
QWER,,Magenta,마젠타,Lee Ah-hee ,1997-06-02,,@magenta_6262
QWER,,Hina,히나,Jang Na-young,2001-01-30,,@i_am_young22 / @joinnutyellow
QWER,,Siyeon,시연,Lee Si-yeon,2000-05-16,,@siyo.co.kr
Rainbow,,Hyunyoung,현영,Cho Hyunyoung,1991-08-11,,
Rainbow,,Jaekyung,재경,Kim Jaekyung,1988-12-24,,
Rainbow,,Jisook,지숙,Kim Jisook,1990-07-18,,
Rainbow,,Noeul,노을,No Eul,1989-05-10,,
Rainbow,,Seungah,승아,Oh Seungah,1988-09-13,,
Rainbow,,Woori,우리,Go Woori,1988-02-22,,
Rainbow,,Yoonhye,윤혜,Jung Yoonhye,1990-04-14,,
Red Velvet,,Irene,아이린,Bae Juhyun,1991-03-29,,
Red Velvet,,Joy,조이,Park Sooyoung,1996-09-03,,
Red Velvet,,Seulgi,슬기,Kang Seulgi,1994-02-10,,
Red Velvet,,Wendy,웬디,Son Seunghwan,1994-02-21,,
Red Velvet,,Yeri,예리,Kim Yerim,1999-03-05,,
RedSquare,,Bomin,보민,Kim Bomin,2001-09-24,Good Day,
RedSquare,,Lina,리나,Oh Hyesoo,1997-05-23,,
RESCENE,,Liv,리브,Jin Kyungeun,2006-10-11,,
RESCENE,,May,메이,Lee Yebin,2008-08-19,,
RESCENE,,Minami,미나미,Ito Minami,2006-11-29,,
RESCENE,,Woni,원이,Jeong Woni,2004-05-25,,
RIIZE,,Anton,앤톤,Anton Chanyoung Lee,2004-03-21,,
RIIZE,,Eunseok,은석,Song Eunseok,2001-03-19,,
RIIZE,,Seunghan,승한,Hong Seunghan,2003-10-02,,
RIIZE,,Shotaro,쇼타로,Osaki Shotaro,2000-11-25,NCT,
RIIZE,,Sohee,소희,Lee Sohee,2003-11-21,,
RIIZE,,Sungchan,성찬,Jung Sungchan,2001-09-13,NCT,
RIIZE,,Wonbin,원빈,Park Wonbin,2002-03-02,,
Rocket Punch,,Dahyun,다현,Jeong Dahyun,2005-04-29,,
Rocket Punch,,Juri,쥬리,Takahashi Juri,1997-10-03,,
Rocket Punch,,Suyun,수윤,Kim Suyun,2001-03-17,,
Rocket Punch,,Yeonhee,연희,Kim Yeonhee,2000-12-06,,
Rocket Punch,,Yunkyung,윤경,Seo Yunkyung,2001-11-01,,
Rockit Girl,,Della,델라,Park Sehyun,1995-09-03,,
Rockit Girl,,Han Leeseul,한이슬,Han Jiyoon,2000-02-12,,
Romeo,,Hyunkyung,현경,Kim Hyunjong,1998-09-05,,
Romeo,,Kangmin,강민,Noh Kangmin,1999-09-05,,
Romeo,,Kyle,카일,Ma Jaekyung,1997-01-15,,
Romeo,,Milo,마일로,Kim Minhak,1996-08-20,,
Romeo,,Minsung,민성,Kim Minhwi,1996-12-24,,
Romeo,,Seunghwan,승환,Lee Seunghwan,1994-12-10,,
Romeo,,Yunsung,윤성,Hwang Yunsung,1996-03-19,,
S#aFLA,,Jisun,지선,Hwang Jisun,1989-10-17,"Girl's Day, New F.O",
S#aFLA,,Seulgi,슬기,Jeong Seulgi,1990-05-12,,
S#aFLA,,Suhyeon,수현,Kim Seunghyun,1988-04-19,1PS,
S#aFLA,,Yujin,유진,Jeong Yujin,1989-10-23,D-Unit,
Saturday,,Ayeon,아연,Son Minji,2002-09-29,,
Saturday,,Haneul,하늘,Choi Haneul,2000-11-28,,
Saturday,,Minseo,민서,Park Minseo,2003-03-21,,
Saturday,,Yuki,유키,Lim Jiyeon,2002-01-30,,
SECRET,,Hana,하나,Jung Hana,1990-02-02,,
SECRET,,Hyosung,효성,Jun Hyoseong,1989-10-13,,secrettimehs
SECRET,,Jieun,지은,Song Jieun,1990-05-05,,secret_jieunssong
SECRET NUMBER,,Dita,디타,Dita Karang,1996-12-25,,
SECRET NUMBER,,Jinny,지니,Park Jinhee,1998-01-19,,
SECRET NUMBER,,Lea,레아,Ogawa Mizuki,1995-08-12,Skarf,
SECRET NUMBER,,Minji,민지,Park Minji,1999-03-31,,
SECRET NUMBER,,Soodam,수담,Lee Soodam,1999-11-09,,
SECRET NUMBER,,Zuu,주,Ji Yeongju,2000-03-24,,
Seventeen,,Dino,디노,Lee Chan,1999-02-11,,
Seventeen,,DK,도겸,Lee Seongmin,1997-02-18,,
Seventeen,,Hoshi,호시,Kwon Soonyoung,1996-06-15,,
Seventeen,,Jeonghan,정한,Yoon Jeonghan,1995-10-04,,
Seventeen,,Joshua,조슈아,Hong Jisoo,1995-12-30,,
Seventeen,,Jun,준,Weng Junhui,1996-06-10,,
Seventeen,,Mingyu,민규,Kim Mingyu,1997-04-06,,
Seventeen,,S.Coups,에스.쿱스,Choi Seungcheol,1995-08-08,,
Seventeen,,Seungkwan,승관,Boo Seungkwan,1998-01-16,,
Seventeen,,The8,디에잇,Xu Minghao,1997-11-07,,
Seventeen,,Vernon,버논,Choi Hansol,1998-02-18,,
Seventeen,,Wonwoo,원우,Jeon Wonwoo,1996-07-17,,
Seventeen,,Woozi,우지,Lee Jihoon,1996-11-22,,
SF9,,Chani,찬희,Kang Chanhee,2000-01-17,,
SF9,,Dawon,다원,Lee Sanghyuk,1995-07-24,,
SF9,,Hwiyoung,휘영,Kim Youngkyun,1999-05-11,,
SF9,,Inseong,인성,Kim Inseong,1993-07-12,,
SF9,,Jaeyoon,재윤,Lee Jaeyoon,1994-08-09,,
SF9,,Taeyang,태양,Yoo Taeyang,1997-02-28,SF9,
SF9,,Youngbin,영빈,Kim Youngbin,1993-11-23,,
SF9,,Zuho,주호,Bae Juho,1996-07-04,,
SHINee,,Minho,민호,Choi Minho,1991-12-09,,
SHINee,,Onew,온유,Lee Jinki,1989-12-14,,
SHINee,,Taemin,태민,Lee Taemin,1993-07-18,,
Shinhwa,,Andy,앤디,Lee Sunho,1981-01-21,,
Shinhwa,,Dongwan,동완,Kim Dongwan,1979-11-21,,
Shinhwa,,Eric,에릭,Moon Junghyuk,1979-02-16,,
Shinhwa,,Jun Jin,전진,Park Choongjae,1980-08-19,,
Shinhwa,,Minwoo,민우,Lee Minwoo,1979-07-28,,
Shinhwa,,Shin Hyesung,신혜성,Jung Pilkyo,1979-11-27,,
SIGNAL,,Bokeun,복은,Kim Bokeun,1994-10-12,,
SIGNAL,,Gihwan,기환,Kim Gihwan,1993-11-24,,
SIGNAL,,Kyuhwan,규환,Lee Kyuhwan,1994-09-18,E7,
SIGNAL,,Youngho,영호,Noh Youngho,1993-03-24,,
SISTAR,,Bora,보라,Yoon Bora,1989-12-30,,borabora_sugar
SISTAR,,Dasom,다솜,Kim Dasom,1993-05-06,,som0506
SISTAR,,Hyorin,효린,Kim Hyojung,1990-12-11,,xhyolynx
SISTAR,,Soyou,소유,Kang Jihyun,1992-02-12,,soooo_you
SNSD,,Hyoyeon,효연,Kim Hyoyeon,1989-09-22,,watasiwahyo
SNSD,,Seohyun,서현,Seo Joohyun,1991-06-28,,seojuhyun_s
SNSD,,Sooyoung,수영,Choi Sooyoung,1990-02-10,,hotsootuff
SNSD,,Sunny,써니,Lee Sunkyu,1989-05-15,,svnnynight
SNSD,,Taeyeon,태연,Kim Taeyeon,1989-03-09,,taeyeon_ss
SNSD,,Tiffany,티파니,Hwang Miyoung,1989-08-01,,xolovestephi
SNSD,,Yoona,윤아,Im Yoona,1990-05-30,,yoona__lim
SNSD,,Yuri,유리,Kwon Yuri,1989-12-05,,yulyulk
SNUPER,,Sangho,상호,Jo Sangho,1995-02-10,,
SNUPER,,Sangil,상일,Shim Sangil,1993-05-01,,
SNUPER,,Sebin,세빈,Jang Sebin,1996-04-24,,
SNUPER,,Suhyun,수현,Choi Hyunggeun,1992-10-01,,
SNUPER,,Taewoong,태웅,Yoo Taewoong,1994-05-24,,
SNUPER,,Woosung,우성,Choi Sunghyuk,1994-09-24,,
Sonamoo,,D.ana,디애나,Cho Eunae,1995-09-10,,
Sonamoo,,Euijin,의진,Hong Euijin,1996-10-08,,
Sonamoo,,High.D,하이디,Kim Dohee,1996-12-21,,
Sonamoo,,Minjae,민재,Seong Minjae,1994-12-18,,
Sonamoo,,Nahyun,나현,Kim Nahyun,1995-12-09,,
Sonamoo,,New Sun,뉴썬,Choi Yoonsun,1997-06-19,,
Sonamoo,,Sumin,수민,Ji Sumin,1994-03-03,,
Spectrum,,Dongkyu,동규,Moon Dongkyu,1992-11-16,,
Spectrum,,Hwarang,종찬,Park Jonghan,1995-12-05,,
Spectrum,,Minjae,민재,Jo Minjae,1994-08-08,,
SPICA,,Narae,나래,Park Narae,1988-02-23,SPICA,
SPICA,,Sihyun,시현,Park Sihyun,1986-11-29,SPICA,
STAYC,,Seeun,세은,Yoon Seeun,2003-06-14,,
STAYC,,Sieun,시은,Park Sieun,2001-08-01,,
STAYC,,Sumin,수민,Bae Sumin,2001-03-13,,
STAYC,,Yoon,윤,Shim Jayoon,2004-04-14,,
Stellar,,Gayoung,가영,Kim Gayoung,1991-12-02,,
Stellar,,Hyeoeun,효은,Lee Hyoeun,1993-03-16,,
Stellar,,Jeonyul,전율,Jeon Yuri,1994-03-20,,
Stellar,,Minhee,민희,Joo Minhee,1993-01-03,,
Stray Kids,,Bang Chan,방찬,Bang Chan,1997-10-03,,
Stray Kids,,Changbin,창빈,Seo Changbin,1999-08-11,,
Stray Kids,,Felix,필릭스,Lee Youngbok,2000-09-15,,
Stray Kids,,Han,한,Han Jisung,2000-09-14,,
Stray Kids,,Hyunjin,현진,Hwang Hyunjin,2000-03-20,,
Stray Kids,,I.N,아이엔,Yang Jeongin,2001-02-08,,
Stray Kids,,Lee Know,리노,Lee Minho,1998-10-25,,
Stray Kids,,Seungmin,승민,Kim Seungmin,2000-09-22,,
Super Junior,,Donghae,동해,Lee Donghae,1986-10-15,,
Super Junior,,Eunhyuk,은혁,Lee Hyukjae,1986-04-04,,
Super Junior,,Heechul,희철,Kim Heechul,1983-07-10,,
Super Junior,,Kyuhyun,규현,Cho Kyuhyun,1988-02-03,,
Super Junior,,Leeteuk,이특,Park Jeongsu,1983-07-01,,
Super Junior,,Ryeowook,려욱,Kim Ryeowook,1987-06-21,,
Super Junior,,Shindong,신동,Shin Donghee,1985-09-28,,
Super Junior,,Siwon,시원,Choi Siwon,1986-04-07,,
Super Junior,,Sungmin,성민,Lee Sungmin,1986-01-01,,
Super Junior,,Yesung,예성,Kim Jongwoon,1984-08-24,,
Super Junior-M,,Henry,헨리,Henry Lau,1989-10-11,,
Super Junior-M,,Zhou Mi,조미,Zhou Mi,1986-04-19,,
T-ara,,Eunjung,은정,Ham Eunjung,1988-12-12,,sweetgirl_eunjung
T-ara,,Hyomin,효민,Park Sunyoung,1989-05-30,,hyominnn
T-ara,,Jiyeon,지연,Park Jiyeon,1993-06-07,,jiyeon2__
T-ara,,Qri,큐리,Lee Jihyun,1986-12-12,,qtfreet
T1419,,Gunwoo,건우,Kim Gunwoo,2002-05-28,,
T1419,,Kairi,카이리,Imai Kairi,2003-02-24,,
T1419,,Kevin,케빈,Baek Seungbin,2001-04-08,,
T1419,,Kio,키오,Udo Musashi,2004-11-28,,
T1419,,Leo,레오,Hayase Leo,2002-10-08,,
T1419,,Noah,노아,Song Yubin,2000-08-02,,
T1419,,On,온,Choi Juhwan,2002-10-16,,
T1419,,Sian,시안,Choi Changmin,2001-02-01,,
T1419,,Zero,제로,Nasukawa Shota,2003-01-20,,
Tahiti,,Ari,아리,Kim Sunyoung,1994-10-23,,
Tahiti,,Jerrry,제리,Ahn Sohyun,1992-08-27,,
Tahiti,,Jisoo,지수,Shin Jisoo,1994-02-28,,
Tahiti,,Minjae,민재,Shin Minjae,1991-08-13,,
Tahiti,,Miso,미소,Park Miso,1991-04-04,,
Teen Top,,C.A.P,캡,Bang Minsoo,1992-11-04,,
Teen Top,,Changjo,창조,Choi Jonghyun,1995-11-16,,
Teen Top,,Chunji,천지,Lee Chanhee,1993-10-05,,
Teen Top,,Niel,니엘,Ahn Daniel,1994-08-16,,
Teen Top,,Ricky,리키,Yoo Changhyun,1995-02-27,,
TEMPEST,,Eunchan,은찬,Choi Byeongseop,2001-02-27,,
TEMPEST,,Hanbin,한빈,Ngo Ngoc Hung,1998-01-19,,
TEMPEST,,Hwarang,화랑,Son Jaewon,2001-04-23,,
TEMPEST,,Hyuk,혁,Koo Bonhyuk,2000-04-17,,
TEMPEST,,Hyungseop,형섭,Ahn Hyungseop,1999-08-09,,
TEMPEST,,Lew,루,Lee Euiwoong,2001-04-05,,
TEMPEST,,Taerae,태래,Kim Taerae,2002-09-05,,
The Boyz,,Eric,에릭,Son Youngjae,2000-12-22,,
The Boyz,,Hyunjae,현재,Lee Jaehyun,1997-09-13,,
The Boyz,,Jacob,제이콥,Bae Joonyoung,1997-05-30,,
The Boyz,,Juhaknyeon,주학년,Ju Haknyeon,1999-03-09,,
The Boyz,,Juyeon,주연,Lee Juyeon,1998-01-16,,
The Boyz,,Kevin,케빈,Moon Hyungseo,1998-02-23,,
The Boyz,,New,뉴,Choi Chanhee,1998-04-26,,
The Boyz,,Q,큐,Ji Changmin,1998-11-05,,
The Boyz,,Sangyeon,상연,Lee Sangyeon,1996-11-04,,
The Boyz,,Sunwoo,선우,Kim Sunwoo,2000-04-12,,
The Boyz,,Younghoon,영훈,Kim Younghoon,1997-08-08,,
The Wind,,Chanwon,찬원,An Chanwon,2008-03-21,,
The Wind,,Hanbin,한빈,Choi Hanbin,2007-07-25,,
The Wind,,Hayuchan,하유찬,Park Hayuchan,2007-08-21,,
The Wind,,Heesoo,희수,Kim Heesoo,2004-05-12,,
The Wind,,Hyounjoon,현준,Jang Hyounjoon,2008-10-25,,
The Wind,,Thanatorn,타나톤,Thanathorn Rueangsuwan,2005-04-05,,
TheEastLight,,Eunsung,은성,Lee Eunsung,2000-09-07,,
TheEastLight,,Junwook,준욱,Kim Junwook,2002-01-10,,
TheEastLight,,Sakang,사강,Jeon Sakang,2002-10-26,,
TheEastLight,,Seokcheol,석철,Lee Seokchul,2000-01-11,,d.dj_dinosaur.lee.s.c
TheEastLight,,Woojin,우진,Lee Woojin,2003-04-03,,the_greatest_woojin
Tiny-G,,Dohee,도희,Min Dohee,1994-09-25,,
Tiny-G,,J.Min,제이민,Shin Minjung,1994-11-20,,
Tiny-G,,Mint,민트,Kunpat Phonpawiworakun,1994-06-23,,
Tiny-G,,Myungji,명지,Kim Myungji,1997-10-09,,
TNX,,Hwi,휘,Eun Hwi,2004-11-11,,
TNX,,Hyunsoo,현수,Jang Hyunsoo,2003-09-16,,
TNX,,Junhyeok,준혁,Cheon Junhyeok,2004-09-20,,
TNX,,Kyungjun,경준,Woo Kyungjun,2002-08-30,,
TNX,,Sungjun,성준,Oh Sungjun,2005-08-30,,
TNX,,Taehun,태훈,Choi Taehun,2002-11-19,,
TOO,,Chan,찬,Jo Chanhyuk,1999-12-08,,
TOO,,Chihoon,치훈,Choi Chihoon,1999-04-27,,
TOO,,Donggeon,동건,Song Donggeon,1999-07-15,,
TOO,,J.YOU,제유,Kim Jaeyu,2000-11-02,,
TOO,,Jaeyun,이재윤,Lee Jaeyun,2000-08-16,,
TOO,,Jisu,지수,Choi Jisu,2000-01-19,,
TOO,,Kyungho,경호,Jang Kyungho,2001-05-07,,
TOO,,Minsu,민수,Kim Minsu,2000-03-20,,
TOO,,Woonggi,웅기,Cha Woonggi,2002-04-23,,
Topp Dogg,,B-Joo,비주,Kim Byungjoo,1994-01-08,,
Topp Dogg,,Hojoon,호준,Jeon Hojoon,1992-10-31,,
Topp Dogg,,Sangdo,상도,Yoo Sangdo,1993-03-02,,
Topp Dogg,,Xero,제로,Shin Jiho,1994-02-03,,
Topp Dogg,,Yano,야노,Seo Sangwon,1995-09-27,,
TRACER,,Alice,앨리스,Cheon Jaeyoung,2002-02-20,,
TRACER,,Genie,지니,Cho Heejin,2002-03-19,,
TRACER,,Sowon,소원,Nam Soeun,2004-12-13,,
TRACER,,Yubeen,유빈,Jin Yubeen,2006-09-05,,
TRCNG,,Hakmin,학민,Lee Hakmin,2000-09-20,,
TRCNG,,Hayoung,하영,Choi Hayoung,2000-08-22,,
TRCNG,,Hohyeon,호현,Lee Hohyeon,2001-10-14,,
TRCNG,,Jisung,지성,Kim Jisung,2000-12-21,,
TRCNG,,Taeseon,태선,Yang Taeseon,2000-09-17,,
TRCNG,,Wooyeop,우엽,Jo Wooyeop,2000-09-27,,
Treasure,,Asahi,아사히,Hanada Asahi,2001-08-20,,
Treasure,,Doyoung,도영,Kim Doyoung,2003-12-04,,
Treasure,,Haruto,하루토,Watanabe Haruto,2004-04-05,,
Treasure,,Hyunsuk,현석,Choi Hyunsuk,1999-04-21,,
Treasure,,Jaehyuk,재혁,Yoon Jaehyuk,2001-07-23,,
Treasure,,Jeongwoo,정우,Park Jeongwoo,2004-09-28,,
Treasure,,Junghwan,정환,So Junghwan,2005-02-18,,
Treasure,,Junkyu,준규,Kim Junkyu,2000-09-09,,
Treasure,,Mashiho,마시호,Takata Mashiho,2001-03-25,,
Treasure,,Yedam,예담,Bang Yedam,2002-05-07,,
Treasure,,Yoshi,요시,Kanemoto Yoshinori,2000-05-15,,
TRENDZ,,Eunil,은일,Kim Eunil,2003-11-21,,
TRENDZ,,Hankook,한국,Cho Hankook,2002-04-03,,
TRENDZ,,Havit,하빛,Lee Havit,1999-06-07,,
TRENDZ,,ra.L,라엘,Yi Taehyun,2003-09-29,,
TRENDZ,,Yechan,예찬,Jeong Yechan,2005-10-27,,
TRI.BE,,Hyunbin,현빈‬,Kim Hyunbin,2004-05-26,,
TRI.BE,,Jia,지아,Guo Jiajia,2005-07-30,,
TRI.BE,,Jinha,진하,Kim Jinha,2003-11-21,,
TRI.BE,,Kelly,켈리,Lin Kelly,2002-01-16,,
TRI.BE,,Mire,미레,Su Mire,2006-03-26,,
TRI.BE,,Soeun,소은,Bang Soeun,2005-12-10,,
TRI.BE,,SongSun,송선,Kim Songsun,1997-03-22,,
tripleS,,Chaeyeon,채연,Kim Chaeyeon,2004-12-04,Busters,
tripleS,,Dahyun,다현,Seo Dahyun,2003-01-08,,
tripleS,,Hayeon,하연,Jeong Hayeon,2007-08-01,,
tripleS,,Hyerin,혜린,Jeong Hyerin,2007-04-12,,
tripleS,,Jiwoo,지우,Lee Jiwoo,2005-10-24,,
tripleS,,Joobin,주빈,Joo Bin,2009-01-16,,
tripleS,,Kaede,카에데,Yamada Kaede,2005-12-20,,
tripleS,,Kotone,코토네,Kamimoto Kotone,2004-03-10,,
tripleS,,Lynn,린,Kawakami Rin,2006-04-12,,
tripleS,,Mayu,마유,Kouma Mayu,2001-05-12,,
tripleS,,Nakyung,나경,Kim Nakyung,2002-10-13,,
tripleS,,Nien,니엔,Hsu Nien Tsu,2003-06-02,,
tripleS,,Seoyeon,서연,Yoon Seoyeon,2003-08-06,,
tripleS,,Shion,시온,Park Shion,2006-04-03,,
tripleS,,Sohyun,소현,Park Sohyun,2002-10-13,,
tripleS,,Soomin,수민,Kim Soomin,2007-10-03,,
tripleS,,Xinyu,신위,Zhou Xinyu,2001-05-25,,
tripleS,,Yeonji,연지,Kwak Yeonji,2008-01-08,,
tripleS,,Yooyeon,유연,Kim Yooyeon,2001-02-09,,
tripleS,,Yubin,유빈,Gong Yubin,2005-02-03,,
TVXQ,,Max Changmin,최강창민,Shim Changmin,1988-02-18,,
TVXQ,,U-Know Yunho,유노윤호,Jung Yunho,1986-02-06,,
Twice,,Chaeyoung,채영,Son Chaeyoung,1999-04-23,,
Twice,,Dahyun,다현,Kim Dahyun,1998-05-28,,
Twice,,Jeongyeon,정연,Yoo Jeongyeon,1996-11-01,,
Twice,,Jihyo,지효,Park Jisoo,1997-02-01,,
Twice,,Mina,미나,Myoui Mina,1997-03-24,,
Twice,,Momo,모모,Hirai Momo,1996-11-09,,
Twice,,Nayeon,나연,Im Nayeon,1995-09-22,,
Twice,,Sana,사나,Minatozaki Sana,1996-12-29,,
Twice,,Tzuyu,쯔위,Chou Tzuyu,1999-06-14,,
Two X,,Eun,은,Choi Eunmi,1990-05-14,,
Two X,,Eunyoung,은영,Joo Eunyoung,1992-06-12,,
Two X,,Jiyou,지유,Im Changsook,1989-06-15,,
Two X,,Surin,수린,Kim Surin,1991-12-27,,
TWS,,Dohoon,도훈,Kim Dohoon,2005-01-30,,
TWS,,Hanjin,한진,Han Zhen,2006-01-05,,
TWS,,Jihoon,지훈,Han Jihoon,2006-03-28,,
TWS,,Kyungmin,경민,Lee Kyungmin,2007-10-02,,
TWS,,Shinyu,신유,Shin Junghwan,2003-11-07,,
TXT,,Beomgyu,범규,Choi Beomgyu,2001-03-13,,
TXT,,Hueningkai,휴닝카이,Kai Kamal Huening,2002-08-14,,
TXT,,Soobin,수빈,Choi Soobin,2000-12-05,,
TXT,,Taehyun,태현,Kang Taehyun,2002-02-05,,
TXT,,Yeonjun,연준,Choi Yeonjun,1999-09-13,,
U-KISS,,Eli,일라이,Ellison Kim,1991-03-13,,
U-KISS,,Hoon,훈,Yeo Hoonmin,1991-08-16,,
U-KISS,,Jun,준,Lee Junyoung,1997-01-22,,
U-KISS,,Kevin,케빈,Christopher Woo,1991-11-25,,
U-KISS,,Kiseop,기섭,Lee Kiseop,1991-01-17,,
U-KISS,,Soohyun,수현,Shin Soohyun,1989-03-11,,
UNI.T,,Hyunjoo,현주,Lee Hyunjoo,1998-02-05,APRIL,
UNI.T,,Jiwon,지원,Yang Jiwon,1988-04-05,SPICA,
UNI.T,,NC.A,앤씨아,Im Soeun,1996-10-07,,
UNI.T,,Suji,수지,Lee Suji,1998-03-20,The Ark,
UNI.T,,Yoonjo,윤조,Shin Yoonjo,1992-12-14,Hello Venus,
UNIQ,,Seungyoon,승연,Cho Seungyoon,1996-08-05,X1,
UNIQ,,Sungjoo,성주,Kim Sungjoo,1994-02-16,,
UNIQ,,Wenhan,원한,Li Wenhan,1994-07-22,,
UNIQ,,Yibo,이보,Wang Yibo,1997-08-05,,
UNIQ,,Yixuan,이쉔,Zhou Yixuan,1990-12-11,,
UNIS,,Elisia,엘리시아,Elisia Lyrisse Parmisano,2009-04-18,,
UNIS,,Gehlee,젤리,Gehlee Dangca,2007-08-19,,
UNIS,,Kotoko,코토코,Fujiyosi Kotoko,2007-10-28,,
UNIS,,Nana,나나,Ezumi Nana,2007-06-06,,
UNIS,,Seowon,서원,Lim Seowon,2011-01-27,,
UNIS,,Yoona,윤아,Oh Yoona,2009-10-07,,
UNIS,,Yunha,윤하,Bang Yunha,2009-02-28,,
UNVS,,Changgyu,창규,Song Changgyu,1993-07-06,,
UNVS,,Jun H.,준현,Im Joonhyun,1991-08-28,,
UNVS,,YY,와이와이,Kim Moonyong,1991-08-30,,
UP10TION,,Bitto,비토,Lee Changhyun,1996-08-24,,
UP10TION,,Gyujin,규진,Han Gyujin,1997-11-21,,
UP10TION,,Hwanhee,환희,Lee Hwanhee,1998-05-06,,
UP10TION,,Kongyeol,고결,Go Minsoo,1996-05-19,,
UP10TION,,Kuhn,쿤,Noh Sooil,1995-11-11,,
UP10TION,,Sunyoul,선율,Seon Yein,1996-11-06,,
UP10TION,,Xiao,샤오,Lee Dongyeol,1998-12-13,,
VANNER,,Ahxian,아시안,Park Sungkook,1996-03-27,,
VANNER,,Gon,곤,Lee Wonseo,1995-08-07,,
VANNER,,Hyesung,혜성,Park Hyeseong,1996-01-17,,
VANNER,,Taehwan,이태환,Lee Taehwan,1994-01-15,,
VANNER,,Yeonggwang,영광,Ahn Youngjun,1997-09-22,,
VARSITY,,Anthony,엔써니,Anthony Lo,1998-03-12,,
VARSITY,,Bullet,블릿,Jin Junwoo,1995-12-02,,
VARSITY,,Damon,데이먼,Hu Boohan,1996-07-02,,
VARSITY,,Dawon,다원,Cho Dawon,2000-05-12,,
VARSITY,,Jaebin,재빈,Deung Bin,1997-02-13,,
VARSITY,,Kid,키드,Kim Junhoe,1995-10-26,,
VARSITY,,Manny,만니,Syo Dongchun,2001-11-17,,
VARSITY,,Riho,리호,Jin Seungwook,1998-03-01,,
VARSITY,,Xin,씬,Wang Xinwi,1996-11-10,,
VARSITY,,Xiweol,시월,Kang Minseok,1996-10-21,,
VAV,,Ayno,에이노,Noh Yoonho,1996-05-01,,
VAV,,Jacob,제이콥,Zhang Peng,1996-09-07,,
VAV,,Lou,로우,Kim Hosung,1996-12-21,,
VAV,,St. Van,세인트 반,Lee Geumhyuk,1991-12-22,,
VAV,,Ziu,지우,Park Heejun,1997-06-16,,
Verivery,,Dongheon,동헌,Lee Dongheon,1995-08-04,,
Verivery,,Gyehyeon,계현,Jo Gyehyeon,1999-05-14,,
Verivery,,Hoyoung,호영,Bae Hoyoung,1998-08-10,,
Verivery,,Kangmin,강민,Yoo Kangmin,2003-01-25,,
Verivery,,Minchan,민찬,Hong Minchan,1998-09-16,,
Verivery,,Yeonho,연호,Ju Yeonho,2000-05-31,,
Verivery,,Yongseung,용승,Kim Yongseung,2000-06-17,,
VICTON,,Byungchan,병찬,Choi Byungchan,1997-11-12,,
VICTON,,Hanse,한세,Do Hanse,1997-09-25,,
VICTON,,Sejun,세준,Lim Sejun,1996-05-04,,
VICTON,,Seungsik,승식,Kang Seungsik,1995-04-16,,
VICTON,,Seungwoo,승우,Han Seungwoo,1994-12-24,X1,
VICTON,,Subin,수빈,Jung Subin,1999-04-05,,
VIVIZ,,Eunha,은하,Jung Eunbi,1997-05-30,Gfriend,
VIVIZ,,SinB,신비,Hwang Eunbi,1998-06-03,Gfriend,
VIVIZ,,Umji,엄지,Kim Yewon,1998-08-19,Gfriend,
VIXX,,Hongbin,홍빈,Lee Hongbin,1993-09-29,,
VIXX,,Hyuk,혁,Han Sanghyuk,1995-07-05,,
VIXX,,Ken,켄,Lee Jaehwan,1992-04-06,,
VIXX,,Leo,레오,Jung Taekwon,1990-11-10,,
VIXX,,N,엔,Cha Hakyeon,1990-06-30,,
VIXX,,Ravi,라비,Kim Wonsik,1993-02-15,,
Wanna One,,Daniel,다니엘,Kang Daniel,1996-12-10,,
Wanna One,,Jaehwan,재환,Kim Jaehwan,1996-05-27,,
Wanna One,,Jihoon,지훈,Park Jihoon,1999-05-29,,
Wanna One,,Jisung,지성,Yoon Jisung,1991-03-08,,
Wanna One,,Lai Kuanlin,라이관린,Lai Kuanlin,2001-09-23,,
Wanna One,,Seongwu,성우,Ong Seunwu,1995-08-25,,
Wanna One,,Sungwoon,성운,Ha Sungwoon,1994-03-22,,
Wassup,,Jiae,지애,Kim Jiae,1995-10-31,,
Wassup,,Nari,나리,Kim Nari,1992-10-05,,
Wassup,,Sujin,수진,Bang Sujin,1996-06-26,,
Wassup,,Woojoo,우주,Kim Woojoo,1996-08-12,,
We In The Zone,,Eson,이슨,Kim Jungmin,1996-12-28,,
We In The Zone,,Jooan,주안,Im Jimyoung,1996-10-04,,
We In The Zone,,Kyeongheon,경헌,Yoon Kyeongheon,1998-01-06,,
We In The Zone,,Min,민,Lee Mincheon,1997-10-16,,
We In The Zone,,Shihyun,시현,Kim Shihyun,1998-05-06,,
WE:A,,Jeongkyun,정균,Jeong Jeongkyun,1987-11-27,"N-Train, Bigflo",
WE:A,,Kichun,기천,Hwang Kichun,1992-03-14,Bigflo,
WE:A,,Ron,론,Cheon Byeonghwa,1991-01-22,Bigflo,
WE:A,,Z-UK,지욱,Jeong Jaewook,1993-01-27,Bigflo,
We;Na,,Doa,도아,Im Youngseo,2001-10-29,,
We;Na,,Wony,워니,Ahn Seungwon,2004-10-04,,
We;Na,,Yeonseo,연서,Ryu Yeonseo,2004-09-26,,
Weeekly,,Jaehee,재희,Lee Jaehee,2004-03-18,,
Weeekly,,Jihan,지한,Han Jihyo,2004-07-12,,
Weeekly,,Soeun,소은,Park Soeun,2002-10-26,,
Weeekly,,Soojin,수진,Lee Soojin,2001-12-12,,
Weeekly,,Zoa,조아,Cho Hyewon,2005-05-31,,
WEi,,Daehyeon,대현,Jang Daehyeon,1997-02-11,RAINZ,daehyeon0211
WEi,,Donghan,동한,Kim Donghan,1998-07-03,JBJ,
WEi,,Junseo,준서,Kim Junseo,2001-11-20,1the9,
WEi,,Seokhwa,석화,Kang Seokhwa,2000-12-01,,
WEi,,Yohan,요한,Kim Yohan,1999-09-22,X1,
WEi,,Yongha,용하,Yoo Yongha,1999-01-11,1the9,
Weki Meki,,Doyeon,도연,Kim Doyeon,1999-12-04,,
Weki Meki,,Elly,엘리,Jung Haerim,1998-07-20,,
Weki Meki,,Lua,루아,Kim Sookyung,2000-10-06,,
Weki Meki,,Lucy,루시,Noh Hyojung,2002-08-31,,
Weki Meki,,Rina,리나,Kang Soeun,2001-09-27,,
Weki Meki,,Sei,세이,Lee Seojung,2000-01-07,,
Weki Meki,,Suyeon,수연,Ji Suyeon,1997-04-20,,
Weki Meki,,Yoojung,유정,Choi Yoojung,1999-11-12,,
WEUS,,Boyul,보율,Kwon Boyul,2002-01-21,,
WEUS,,Chanwook,찬욱,Yang Chanwook,2002-02-25,,
WEUS,,Hyukjin,혁진,Son Hyukjin,2003-12-12,,
WEUS,,Jeongmin,정민,Woo Jeongmin,2002-05-31,,
WEUS,,Jeongyoon,정윤,Woo Jeongyoon,2003-04-11,,
WEUS,,Keon,건,Kim Keon,2001-02-16,BLACK LEVEL,
WEUS,,Minhyuk,민혁,Yoon Minhyuk,2001-07-11,,
WHIB,,Haseung,하승,Lee Taewoo,1999-07-16,,
WHIB,,Inhong,인홍,Lee Inhong,2004-11-12,,
WHIB,,Jayder,제이더,Kim Junbmin,2002-12-31,,
WHIB,,Jinbeom,진범,Park Jinbeom,2002-04-22,,
WHIB,,Leejeong,이정,Jeon Leejeong,2003-09-08,,
WHIB,,UGeon,유건,Yoo Seungyong,2003-05-26,,
WHIB,,Wonjun,원준,Moon Wonjun,2005-10-26,,
WINNER,,Hoony,승훈,Lee Seunghoon,1992-01-11,,
WINNER,,Jinu,진우,Kim Jinwoo,1991-09-26,,
WINNER,,Mino,민호,Song Minho,1993-03-30,,
WINNER,,Yoon,승윤,Kang Seungyoon,1994-01-21,,
WJSN,,Dawon,다원,Nam Dawon,1997-03-16,,
WJSN,,Dayoung,다영,Im Dayoung,1999-05-14,,
WJSN,,Eunseo,은서,Son Juyeon,1998-05-27,,_eunseo_v
WJSN,,Exy,엑시,Chu Sojung,1995-11-06,,exy_s2
WJSN,,Luda,루다,Lee Luda,1997-03-06,,
WJSN,,Seola,설아,Kim Hyunjung,1994-12-24,,seola_s
WJSN,,Soobin,수빈,Park Soobin,1996-09-14,,
WJSN,,Yeonjung,연정,Yu Yeonjung,1999-08-03,I.O.I,uyj_s
WJSN,,Yeoreum,여름,Lee Jinsook,1999-01-10,,
Wonder Girls,,Hyerim,혜림,Woo Hyerim,1992-09-01,,wg_lim
Wonder Girls,,Sunmi,선미,Lee Sunmi,1992-05-02,,miyayeah
Wonder Girls,,Yenny,예은,Park Yeeun,1989-05-26,,hatfelt
Wonder Girls,,Yubin,유빈,Kim Yubin,1988-10-04,,
woo!ah!,,Lucy,루시,Kim Daeun,2004-04-09,,
woo!ah!,,Nana,나나,Kwon Nayeon,2001-03-09,,
woo!ah!,,Sora,소라,Sakata Sora,2003-08-30,,
woo!ah!,,Wooyeon,우연,Park Jinkyung,2003-02-11,,
X:IN,,Aria,아리아,Baby Gauthami,2003-03-12,,
X:IN,,E.sha,이샤,Kwon Yena,1998-12-29,,
X:IN,,Nizz,니즈,Hwang Sujeong,2001-07-07,,
X:IN,,Nova,노바,Maria Pavlovna Emelyanova,2002-10-10,,
Xdinary Heroes,,Gaon,가온,Kwak Jiseok,2002-01-14,,
Xdinary Heroes,,Gunil,건일,Go Gunil,1998-07-24,,
Xdinary Heroes,,Jooyeon,주연,Lee Jooyeon,2002-09-12,,
Xdinary Heroes,,Jun Han,준한,Han Hyeongjun,2002-08-18,,
Xdinary Heroes,,Jungsu,정수,Kim Jungsu,2001-06-26,,
Xdinary Heroes,,O.de,오드,Oh Seungmin,2002-06-11,,
XEED,,Bao,바오,Bae Sungyeob,1996-05-12,LUCENTE,
XEED,,Doha,도하,Park Doha,1992-03-27,,
XEED,,Jaemin,재민,Shin Jaemin,1996-06-08,,
xikers,,Hunter,헌터,Papungkorn Lertkiatdamrong,2005-10-05,,
xikers,,Hyunwoo,현우,Choi Hyunwoo,2004-12-04,,
xikers,,Jinsik,진식,Han Jinsik,2004-07-30,,
xikers,,Junghoon,정훈,Kim Junghoon,2005-07-05,,
xikers,,Junmin,준민,Park Junmin,2003-05-24,,
xikers,,Minjae,민재,Kim Minjae,2003-04-10,,
xikers,,Seeun,세은,Park Seeun,2005-08-17,,
xikers,,Sumin,수민,Choi Sumin,2004-04-07,,
xikers,,Yechan,예찬,Lee Yechan,2005-10-21,,
xikers,,Yujun,유준,Jung Yujun,2005-10-05,,
XODIAC,,Beomsoo,범수,Kim Beomsoo,2000-09-29,,
XODIAC,,Davin,다빈,Kim Davin,2002-05-30,,
XODIAC,,Gyumin,규민,Kim Gyumin,2000-12-12,,
XODIAC,,Hyunsik,현식,Won Hyunsik,1997-09-12,,
XODIAC,,Leo,리오,,2002-06-15,,
XODIAC,,Lex,렉스,Zo Doohyun,2000-03-16,,
XODIAC,,Sing,씽,Mak Chun Sing,2002-01-11,,
XODIAC,,Wain,웨인,Park Sehoon,2000-10-25,,
XODIAC,,Zayyan,자얀,Muhammad Rifki Fahri Zayyan,2000-02-23,,
XUM,,Baekah,백아,Kim Sua,1999-10-24,NeonPunch,sunghyuk_seo
XUM,,Dayeon,다연,Hwang Da Kyeon,1995-11-17,NeonPunch,sunghyuk_seo
XUM,,Iaan,이안,Yoo Dongju,2002-03-22,NeonPunch,sunghyuk_seo
YOUNG POSSE,,Doeun,도은,Kim Doeun,2007-12-24,,
YOUNG POSSE,,Jiana,지아나,Noh Jihyeon,2006-02-02,,
YOUNG POSSE,,Jieun,지은,Han Jieun,2009-11-05,,
YOUNG POSSE,,Sunhye,선혜,Jeong Sunhye,2004-04-12,,
YOUNG POSSE,,Yeonjung,연정,Wi Yeonjung,2004-09-01,,
YOUNITE,,Dey,데이,Kim Sehyun,2003-06-11,,
YOUNITE,,Eunho,은호,Myung Eunho,2001-03-25,,
YOUNITE,,Eunsang,은상,Lee Eunsang,2002-10-26,X1,
YOUNITE,,Hyungseok,형석,Song Hyungseok,2002-11-06,,
YOUNITE,,Hyunseung,현승,Kim Hyunseung,2002-10-15,,
YOUNITE,,Kyungmun,경문,Lim Kyungmun,2003-06-29,,
YOUNITE,,Sion,시온,Kim Sion,2004-10-19,,
YOUNITE,,Steve,스티브,Lim Dohyun,2002-03-09,,
YOUNITE,,Woono,우노,Song Wonho,2003-04-05,,
ZE:A,,Dongjun,동준,Kim Dongjun,1992-02-11,,
ZE:A,,Heechul,희철,Jung Heechul,1989-12-09,,
ZE:A,,Hyungsik,형식,Park Hyungsik,1991-11-16,,
ZE:A,,Kevin,케빈,Kevin Jiyeop Kim,1988-02-23,,
ZE:A,,Kwanghee,광희,Hwang Kwanghee,1988-08-25,,
ZE:A,,Lee Hoo,문준영,Moon Junyoung,1989-02-09,,
ZE:A,,Minwoo,민우,Ha Minwoo,1990-09-06,,
ZE:A,,Siwan,시완,Yim Siwan,1988-12-01,,
ZE:A,,Taeheon,태헌,Kim Taeheon,1989-06-18,,
ZEROBASEONE,,Gunwook,건욱,Park Gunwook,2005-10-01,,
ZEROBASEONE,,Gyuvin,규빈,Kim Gyuvin,2004-08-30,,
ZEROBASEONE,,Hanbin,한빈,Sung Hanbin,2001-06-13,,
ZEROBASEONE,,Jiwoong,지웅,Kim Jiwoong,1998-12-14,,
ZEROBASEONE,,Matthew,매튜,Seok Matthew,2002-05-28,,
ZEROBASEONE,,Ricky,리키,Shen Quanrui,2004-05-20,,
ZEROBASEONE,,Yujin,유진,Han Yujin,2007-03-20,,
ZEROBASEONE,,Zhang Hao,장하오,Zhang Hao,2000-07-25,,
,,Ailee,에일리,Lee Yejin,1989-05-30,,aileeonline
,,Aini,아이니,Kim Heejung,1991-07-13,Pink Fantasy,
,,AleXa,알렉사,Kim Seri,1996-12-06,,
,,Arang,아랑,Son Mnjung,2000-03-08,NeonPunch,sunghyuk_seo
,,B.I,비아이,Kim Hanbin,1996-10-22,iKON,
,,Baro,바로,Cha Sunwoo,1992-09-05,B1A4,
,,Baron,바론,Choi Chunghyeop,1992-04-19,VAV,
,,Bekah,베카,Rebecca Kim,1989-08-11,After School,
,,BIBI,비비,Kim Hyungseo,1998-09-27,,
,,BoA,보아,Kwon Boa,1986-11-05,,boakwon
,,Boram,보람,Jeon Boram,1986-03-22,T-ara,bo_ram_0322
,,Changbum,창범,Woo Changbum,1993-10-07,100%,
,,Cheng Xiao,성소,Cheng Xiao,1998-07-15,WJSN,chengxiao_0715
,,Chi.u,치유,Lee Jaeyi,1998-08-16,X:IN,
,,Choa,초아,Park Choa,1990-03-06,"AoA, AOA BLACK",queenchoa_
,,Chungha,청하,Kim Chungha,1996-02-09,I.O.I,
,,Chuu,츄,Kim Jiwoo,1999-10-20,LOONA,
,,Daeil,대일,Kim Daeil,1992-05-10,24K,
,,Dahye,다혜,Song Dahye,1993-06-12,"EXID, BESTie",dahye0612
,,Dain,다인,Song Jieun,1990-06-25,Wassup,
,,Daisy,데이지,Yoo Jeongahn,1999-01-22,MOMOLAND,
,,Denise,데니스,Kim Denise,2001-01-11,SECRET NUMBER,
,,Dohee,도희,Yoon Dohee,1999-09-24,NeonPunch,
,,Dongjun,동준,Hwang Dongjun,1999-09-07,Ghost9,
,,E'Dawn,이던,Kim Hyojong,1994-06-01,PENTAGON,
,,Elkie,엘키,Chong Ting Yan,1998-11-02,CLC,
,,Ella,엘라,Kim Kyungjoo,1998-03-26,"Cherry Bullet, Pixy",
,,Euaerin,이유애린,Lee Hyemin,1988-05-03,9Muses,
,,Eunjin,은진,Ahn Eunjin,1997-08-31,DIA,
,,Eunki,은기,Hong Eunki,1997-09-29,RAINZ,eun_doitz
,,Eyedi,아이디,Nam Yujin,1995-12-08,,
,,G.NA,지나,Gina Jane Choi,1987-09-13,,missginachoi87
,,Gaeun,가은,Cho Kaeun,1992-07-28,Dal Shabet,
,,Gaga,가가,Li Jia Jia,1999-09-01,NATURE,
,,Garam,가람,Kim Garam,2005-11-16,LE SSERAFIM,
,,Gohn,곤,Kim Dongsung,1992-08-01,Topp Dogg,
,,Gyuri,규리,Jang Gyuri,1997-12-27,fromis_9,
,,Habin,하빈,Yoo Habin,2002-03-10,Dreamnote,
,,Hajeong,하정,Lee Hajeong,1997-09-23,NeonPunch,sunghyuk_seo
,,Han Geng,한경,Han Geng,1984-02-09,Super Junior,
,,Hanbyeol,한별,Ahn Hanbyeol,2003-10-13,Dreamnote,
,,Hansol,한솔,Kim Hansol,1993-06-15,Topp Dogg,
,,Hayun,하윤,Lee Hayun,1994-08-29,Brave Girls,hayoon.y
,,Henny,헤니,Kang Gayoung,1994-12-01,MIXX,
,,Heo Chan,허찬,Heo Chan,1995-12-14,VICTON,
,,Hoya,호야,Lee Howon,1991-03-28,Infinite,
,,Huiyeon,휘연,Oh Huiyeon,2005-08-01,LIGHTSUM,
,,Hwall,활,Heo Hyunjoon,2000-03-09,The Boyz,
,,Hyeran,혜란,Noh Hyeran,1993-04-09,Brave Girls,hrannnoh
,,Hyeyeon,혜연,Cho Hyeyeon,2000-08-05,Gugudan,
,,Hyuna,현아,Moon Hyuna,1987-01-19,9Muses,moongom119
,,Hyunmin,현민,Byun Hyunmin,1999-04-17,RAINZ,bhm__99
,,Hyunseo,현서,Go Hyunseo,1999-06-17,G-reyish,
,,Hyunseung,현승,Jang Hyunseung,1989-09-03,Beast,
,,I,아이,Cha Yoonji,1996-12-02,,
,,IU,아이유,Lee Jieun,1993-05-16,,dlwlrma
,,Jaeseok,재석,Park Jaeseok,1995-11-20,Golden Child,
,,Jaewon,재원,Shin Jaewon,2004-03-02,The Wind,
,,Jenissi,제니씨,Kim Taeyang,1991-08-02,Topp Dogg,
,,Jenny,제니,Lee Soyul,1996-09-04,DIA,
,,Jessica,제시카,Jessica Jung,1989-04-18,SNSD,jessica.syj
,,Jian,지안,Kim Jian,2006-11-04,LIGHTSUM,
,,Jieun,지은,Park Jieun,1997-09-04,Purple Kiss,
,,Jiho,지호,Kim Jiho,1997-04-04,Oh My Girl,
,,Jimin,지민,Shin Jimin,1991-01-08,AoA,jiminbaby_18
,,JinE,진이,Shin Hyejin,1995-01-22,Oh My Girl,
,,Jinhoo,진후,Kim Jinwook,1995-08-02,UP10TION,
,,Jinju,진주,Park Jinju,1990-04-28,Wassup,
,,Jinyoung,진영,Jung Jinyoung,1991-11-18,B1A4,
,,Jiyoon,지윤,Shin Jiyoon,2002-03-02,Weeekly,
,,Jiyul,지율,Yang Jungyoon,1991-07-30,Dal Shabet,
,,Jonghyun†,종현,Kim Jonghyun,1990-04-08,SHINee,
,,JOO,주,Jung Minjoo,1990-10-11,,
,,Jooyeon,주연,Lee Jooyeon,1987-03-19,After School,jupppal
,,Judy,주디,Kim Dahye,1995-05-16,Blackswan,
,,Jungah,정아,Kim Jungah,1983-08-02,After School,i_am_jjunga
,,Junhyeok,준혁,Kim Junhyeok,1993-07-17,DAY6,
,,Kahi,가희,Park Jiyoung,1980-12-25,After School,imisskahi
,,Kangin,강인,Kim Youngwoon,1985-01-17,Super Junior,
,,Kiara,키아라,Baek Jinjoo,1998-08-20,,
,,Kibum,기범,Kim Kibum,1987-08-21,Super Junior,
,,Kidoh,키도,Jin Hyosang,1992-12-16,Topp Dogg,
,,Kokoro,코코로,Kato Kokoro,2000-11-01,Cherry Bullet,
,,Kriesha Chu,크리샤 츄,Kriesha Ziskind Teo Tiu,1998-12-20,,
,,Kris,크리스,Wu Yifan,1990-11-06,EXO,
,,L.Joe,엘조,Lee Byunghun,1993-11-23,Teen Top,
,,Lee Joon,이준,Lee Changseon,1988-02-07,MBLAQ,
,,Lin Lin,린린,Huang Ziting,2003-07-05,Cherry Bullet,
,,Lucas,루카스,Wong Junghei,1999-01-25,NCT,
,,Luhan,루한,Lu Han,1990-04-20,EXO,
,,May,메이,Jeong Chaeyoung,2001-07-27,NeonPunch,
,,Meiqi,미기,Meng Meiqi,1998-10-15,WJSN,
,,Mina,민아,Kwon Mina,1993-09-21,"AOA, AOA BLACK",kvwowv
,,Minha,민하,Park Minha,1991-06-27,9Muses,blossomh_
,,Minjung,민정,Cha Minjung,2004-07-15,Busters,
,,MoonBin†,문빈,Moon Bin,1998-01-26,ASTRO,
,,Nada,나다,Yoon Yejin,1991-05-24,Wassup,
,,Naeun,나은,Son Naeun,1994-02-10,Apink,marcella_the_naeun
,,Nakta,낙타,Shin Yooncheol,1993-04-24,Topp Dogg,
,,P-Goon,피군,Park Sehyuk,1991-10-18,Topp Dogg,
,,PSY,싸이,Park Jaesang,1977-12-31,,
,,Rain,비,Jung Jihoon,1982-06-25,,
,,Roa,로아,Kwak Jieun,1994-10-06,X:IN,
,,Rocky,라키,Park Minhyuk,1999-02-25,ASTRO,
,,Roni,로니,Jeong Rowoon,1994-07-31,XEED,
,,Rowoon,로운,Kim Seokwoo,1996-08-07,,
,,Samuel,사무엘,Kim Samuel,2002-01-17,1PUNCH,
,,Sanga,상아,Lee Sanga,1999-08-05,Pink Fantasy,
,,Sanghoon,상훈,Lee Sanghoon,1993-12-23,100%,
,,Satbyeol,샛별,Jeon Yujin,2001-02-27,"Girls Alert, Pixy",
,,Seogoong,서궁,Park Hyunho,1992-05-01,Topp Dogg,
,,Seonglee,성리,Kim Seonglee,1994-04-06,RAINZ,seong_leeee
,,Seungri,승리,Lee Seunghyun,1990-12-12,BIGBANG,
,,Sika,시카,Ren Shika,1995-08-22,FANATICS,
,,Sitala,시탈라,Sitala Wongkrachang,1996-04-23,H1-KEY,
,,Sohee,소희,Uhm Sohee,2004-01-01,ICHILLIN',
,,Sohye,소혜,Kim Sohye,1999-07-19,I.O.I,
,,Somi,소미,Jeon Somi,2001-03-09,I.O.I,
,,Songyee,송이,Park Songyee,2004-09-25,woo!ah!,
,,Soojin,수진,Seo Soojin,1998-03-09,I-DLE,
,,Soyeon,소연,Park Soyeon,1987-10-05,T-ara,melodysoyani
,,Soyoung,소영,Yoo Soyoung,1996-03-29,After School,ssossolovely
,,Sulli†,설리,Choi Jinri,1994-03-29,f,
,,Sunghyuk,성혁,Seo Sunghyuk,1999-08-26,,sunghyuk_seo
,,Sungoh,성오,Yoo Sungoh,1991-01-08,24K,
,,Sunhwa,선화,Han Sunhwa,1990-10-06,SECRET,shh_daily
,,Sunn,선,Hwang Jiwon,2000-02-07,"Good Day, Cignature",
,,Taeha,태하,Yoo Taeha,1995-10-05,Berry Good,
,,Taeha,태하,Kim Taeha,1998-06-03,MOMOLAND,
,,Taehyun,태현,Nam Taehyun,1994-05-10,WINNER,
,,Taesung,태승,Lee Taesung,2003-12-19,Ghost9,
,,Tao,타오,Hwang Zitao,1993-05-02,EXO,
,,Terry,테리,Han Dasom,1998-02-02,NeonPunch,
,,Thunder,천둥,Park Sanghyun,1990-10-07,MBLAQ,
,,Uee,유이,Kim Yujin,1988-04-09,After School,
,,Uji,유지,Jang Yuji,1991-01-02,"EXID, BESTie",yudi_didi
,,Viki,비키,Kang Eunhye,1988-03-28,Dal Shabet,
,,Wei,웨이,Lee Jinhyuk,1996-07-08,UP10TION,
,,Wonho,원호,Shin Hoseok,1993-03-01,MONSTA X,
,,Wontak,원탁,Ju Wontak,1996-02-24,RAINZ,/j_wontagii/
,,Woojin,우진,Kim Woojin,1997-04-08,Stray Kids,
,,Wooshin,우신,Kim Wooseok,1996-10-27,"UP10TION, X1",
,,Xuanyi,선의,Wu Xuanyi,1995-01-26,WJSN,
,,Yeah,예아,Kim Haeun,1999-10-09,"Good Day, Cignature",
,,Yeonwoo,연우,Lee Dabin,1996-08-01,MOMOLAND,
,,Yeum,예음,Jung Myeongwoo,2001-11-19,PRIMROSE,
,,Yoojin,유진,Jang Yoojin,1992-09-14,Brave Girls,yoojinbabe
,,Yookyung,유경,Seo Yookyung,1993-03-15,AOA BLACK,
,,Yoonbin,윤빈,Ha Yoonbin,2000-12-11,,
,,Yoosung,유성,Jeong Yoosung,1992-10-08,Bigflo,
,,Youngheun,영흔,Go Youngheun,1994-11-20,Blackswan,
,,Youngmin,영민,Lim Youngmin,1995-12-25,AB6IX,
,,Yubin,유빈,Cho Yubin,1999-10-09,Pink Fantasy,
,,Yujeong,유정,Kim Yujeong,1992-02-14,LABOUM,
,,Yulhee,율희,Kim Yulhee,1997-11-27,LABOUM,
,,Yves,이브,Ha Sooyoung,1997-05-24,LOONA,
,,,,Tablo,,,
,,,,Mithra Jin,,,
,,,,DJ Tukutz,,,
,,,,Simon Dominic,,,
,,,,Jay Park,,,
,,,,GRAY,,,
,,,,Loco,,,
,,,,Cha Cha Malone,,,
,,,,Hoody,,,
,,,,KittiB,,,
,,,,Verbal Jint,,,
,,,,San E,,,
,,,,Kiggen,,,
,,,,Sanchez,,,
,,,,Hanhae,,,
,,,,Bumkey,,,
,,,,Kanto,,,
,,,,Jaewoong,,,
,,,,Changwoo,,,
,,,,Crystal,,,
,,,,Lee Min,,,
,,,,JACE,,,
,,,,Minhee,,,
,,,,P-type,,,
,,,,Taewan,,,
,,,,Rhymer,,,
,,,,YDG,,,
,,,,MC Gree,,,
,,,,Swings,,,
,,,,Vasco,,,
,,,,Nochang,,,
,,,,Giriboy,,,
,,,,Black Nut,,,
,,,,C-Jamm,,,
,,,,Han Yohan,,,
,,,,BewhY,,,
,,,,Choiza,,,
,,,,Gaeko,,,
,,,,Primary,,,
,,,,Crush,,,
,,,,Zion.T,,,
,,,,Yankie,,,
,,,,Boi B,,,
,,,,Geegooin,,,
,,,,Hangzoo,,,
,,,,E Sens,,,
,,,,Iron,,,
,,,,Kidoh,,,
,,,,Supreme Boi,,,
,,,,I11evn,,,
,,,,Lil Cham,,,
,,,,Paloalto,,,
,,,,B-free,,,
,,,,Keith Ape,,,
,,,,Reddy,,,
,,,,Huckleberry P,,,
,,,,Taewoon,,,
,,,,Zico,,,
,,,,Gary,,,
,,,,Bizzy,,,
,,,,Tiger JK,,,
,,,,Yoon Mirae,,,
,,,,Gill,,,
,,,,Mad Clown,,,
,,,,BrotherSu,,,
,,,,Jooyoung,,,
,,,,Junggigo,,,
,,,,#Gun,,,
,,,,Dok2,,,
,,,,The Quiett,,,
,,,,Beenzino,,,
,,,,Heize,,,
,,,,Kasper,,,
,,,,Ash-B,,,
,,,,Gilme,,,
,,,,Ahn Soomin,,,
,,,,Truedy,,,
,,,,Cheetah,,,
,,,,Yuk Jidam,,,
,,,,Grace,,,
,,,,Giant Pink,,,
,,,,Outsider,,,
,,,,Kuan,,,
,,,,Tymee,,,
,,,,Sik-K,,,
,,,,G.Soul,,,
,,,,Hash Swan,,,
,,,,Changmo,,,
,,,,Kim Hyoeun,,,
,,,,Samuel Seo,,,
,,,,Don Mills,,,
,,,,Nucksal,,,
,,,,Wutan,,,
,,,,Junoflo,,,
,,,,Dean,,,
,,,,Penomeco,,,
,,,,Millic,,,
,,,,Punchnello,,,
,,,,BIGBANG,,,
,,,,Super Junior,,,
,,,,TVXQ!,,,
,,,,SHINee,,,
,,,,EXO,,,
,,,,Infinite,,,
,,,,BTS,,,
,,,,U-KISS,,,
,,,,Block B,,,
,,,,Highlight,,,
,,,,MBLAQ,,,
,,,,B1A4,,,
,,,,B.A.P,,,
,,,,VIXX,,,
,,,,ZE:A,,,
,,,,MONSTA X,,,
,,,,MYNAME,,,
,,,,GOT7,,,
,,,,2:00 AM,,,
,,,,2:00 PM,,,
,,,,BtoB,,,
,,,,Boyfriend,,,
,,,,24K,,,
,,,,100%,,,
,,,,Teen Top,,,
,,,,CNBLUE,,,
,,,,FTISLAND,,,
,,,,N.Flying,,,
,,,,Fly to the Sky,,,
,,,,g.o.d.,,,
,,,,H.O.T,,,
,,,,HISTORY,,,
,,,,Homme,,,
,,,,8Eight,,,
,,,,CROSS GENE,,,
,,,,DAY6,,,
,,,,Dalmatian,,,
,,,,C-Clown,,,
,,,,WINNER,,,
,,,,iKON,,,
,,,,Imfact,,,
,,,,JJCC,,,
,,,,JYJ,,,
,,,,KNK,,,
,,,,K-Much,,,
,,,,MR.MR,,,
,,,,N-Sonic,,,
,,,,N-Train,,,
,,,,NCT,,,
,,,,NU'EST,,,
,,,,Phantom,,,
,,,,PENTAGON,,,
,,,,ROMEO,,,
,,,,SECHSKIES,,,
,,,,Seventeen,,,
,,,,AlphaBat,,,
,,,,A-JAX,,,
,,,,ASTRO,,,
,,,,Shinhwa,,,
,,,,Snuper,,,
,,,,SS501,,,
,,,,Supernova,,,
,,,,ToppDogg,,,
,,,,Turbo,,,
,,,,UP10TION,,,
,,,,VICTON,,,
,,,,VROMANCE,,,
,,,,UNIQ,,,
,,,,Boys Republic,,,
,,,,TRAX,,,
,,,,TST,,,
,,,,B.I.G,,,
,,,,SF9,,,
,,,,Wanna One,,,
,,,,Seven O'Clock,,,
,,,,Golden Child,,,
,,,,Myteen,,,
,,,,ONF,,,
,,,,Blanc7,,,
,,,,Masc,,,
,,,,VOISPER,,,
,,,,14U,,,
,,,,A.C.E,,,
,,,,B.Heart,,,
,,,,Be.A,,,
,,,,BLACK6IX,,,
,,,,Honeyst,,,
,,,,MVP,,,
,,,,TRCNG,,,
,,,,VERMUDA,,,
,,,,Varsity,,,
,,,,JBJ,,,
,,,,The Boyz,,,
,,,,RAINZ,,,
,,,,MXM,,,
,,,,Target,,,
,,,,Stray Kids,,,
,,,,Noir,,,
,,,,UNB,,,
,,,,NTB,,,
,,,,ATEEZ,,,
,,,,LU:KUS,,,
,,,,Oneus,,,
,,,,Verivery,,,
,,,,Mfect,,,
,,,,M.O.N.T,,,
,,,,Hotshot,,,
,,,,THE MAN BLK,,,
,,,,D-Crunch,,,
,,,,Spectrum,,,
,,,,JBJ95,,,
,,,,VAV,,,
,,,,SG Wannabe,,,
,,,,Lucente,,,
,,,,GreatGuys,,,
,,,,Bigflo,,,
,,,,SKYE,,,
,,,,The Eastlight,,,
,,,,IZ,,,
,,,,HALO,,,
,,,,BLK,,,
,,,,MAP6,,,
,,,,H.B.Y,,,
,,,,INX,,,
,,,,Beatwin,,,
,,,,Madtown,,,
,,,,Road Boyz,,,
,,,,A.cian,,,
,,,,The Legend,,,
,,,,HIGH4,,,
,,,,BIGSTAR,,,
,,,,Speed,,,
,,,,A6P,,,
,,,,M.I.B,,,
,,,,CIX,,,
,,,,We In The Zone,,,
,,,,CICI,,,
,,,,AB6IX,,,
,,,,Newkidd,,,
,,,,MustB,,,
,,,,ENOi,,,
,,,,Limitless,,,
,,,,1the9,,,
,,,,TXT,,,
,,,,DKB,,,
,,,,Signal,,,
,,,,CRAVITY,,,
,,,,2Z,,,
,,,,B.O.Y,,,
,,,,D.COY,,,
,,,,Dustin,,,
,,,,OnlyOneOf,,,
,,,,E'LAST,,,
,,,,F.able,,,
,,,,MCND,,,
,,,,MY.st,,,
,,,,OFF THE CUFF,,,
,,,,TOO,,,
,,,,UNVS,,,
,,,,XENEX,,,
,,,,1TEAM,,,
,,,,ARGON,,,
,,,,AWEEK,,,
,,,,D1CE,,,
,,,,DONGKIZ,,,
,,,,N.CUS,,,
,,,,TREI,,,
,,,,VANNER,,,
,,,,DRIPPIN,,,
,,,,ENHYPEN,,,
,,,,P1Harmony,,,
,,,,Ghost9,,,
,,,,Wei,,,
,,,,BAE173,,,
,,,,BXK,,,
,,,,Treasure,,,
,,,,Kingdom,,,
,,,,MIRAE,,,
,,,,TFN,,,
,,,,Ciipher,,,
,,,,WOW,,,
,,,,SuperM,,,
,,,,LUMINOUS,,,
,,,,JUST B,,,
,,,,EPEX,,,
,,,,BLITZERS,,,
,,,,SIGMA,,,
,,,,BLANK2Y,,,
,,,,NINE.i,,,
,,,,TEMPEST,,,
,,,,TRENDZ,,,
,,,,YOUNITE,,,
,,,,Xdinary Heroes,,,
,,,,TNX,,,
,,,,SUPERKIND,,,
,,,,ABLUE,,,
,,,,AIMERS,,,
,,,,ATBO,,,
,,,,Black Level,,,
,,,,Jwiiver,,,
,,,,XEED,,,
,,,,xikers,,,
,,,,8TURN,,,
,,,,BOYNEXTDOOR,,,
,,,,BXB,,,
,,,,CMDM,,,
,,,,HAWW,,,
,,,,WE:A,,,
,,,,WEUS,,,
,,,,XODIAC,,,
,,,,RIIZE,,,
,,,,ZEROBASEONE,,,
,,,,AMPERS&ONE,,,
,,,,ANTARES,,,
,,,,Catch The Young,,,
,,,,EVNNE,,,
,,,,Fantasy Boys,,,
,,,,LUN8,,,
,,,,n.SSign,,,
,,,,ONE PACT,,,
,,,,POW,,,
,,,,The Wind,,,
,,,,TWS,,,
,,,,Girls' Generation,,,
,,,,KARA,,,
,,,,2NE1,,,
,,,,T-ara,,,
,,,,SISTAR,,,
,,,,4Minute,,,
,,,,Apink,,,
,,,,Brown Eyed Girls,,,
,,,,After School,,,
,,,,AOA,,,
,,,,Dal Shabet,,,
,,,,EXID,,,
,,,,Girl's Day,,,
,,,,Wonder Girls,,,
,,,,miss A,,,
,,,,9Muses,,,
,,,,Crayon Pop,,,
,,,,D-Unit,,,
,,,,D.Holic,,,
,,,,Davichi,,,
,,,,BESTie,,,
,,,,April,,,
,,,,CLC,,,
,,,,WJSN,,,
,,,,Brave Girls,,,
,,,,Blady,,,
,,,,Bob Girls,,,
,,,,C-REAL,,,
,,,,ChoColat,,,
,,,,Badkiz,,,
,,,,4TEN,,,
,,,,15&,,,
,,,,DIA,,,
,,,,EvoL,,,
,,,,Oh My Girl,,,
,,,,f(x),,,
,,,,Red Velvet,,,
,,,,Rainbow,,,
,,,,TWICE,,,
,,,,Tahiti,,,
,,,,Fiestar,,,
,,,,Hello Venus,,,
,,,,Ladies' Code,,,
,,,,Laboum,,,
,,,,Lovelyz,,,
,,,,Wassup,,,
,,,,Gugudan,,,
,,,,Gfriend,,,
,,,,Unicorn,,,
,,,,Berry Good,,,
,,,,BLACKPINK,,,
,,,,F-ve Dolls,,,
,,,,GI,,,
,,,,GLAM,,,
,,,,GP Basic,,,
,,,,Jewelry,,,
,,,,Baby V.O.X,,,
,,,,Mamamoo,,,
,,,,Melody Day,,,
,,,,Minx,,,
,,,,Pungdeng-E,,,
,,,,Tiny-G,,,
,,,,Two X,,,
,,,,Stellar,,,
,,,,SECRET,,,
,,,,Sonamoo,,,
,,,,Rania,,,
,,,,Rubber Soul,,,
,,,,Playback,,,
,,,,SPICA,,,
,,,,Sunny Hill,,,
,,,,Momoland,,,
,,,,Bonus Baby,,,
,,,,myB,,,
,,,,S.E.S,,,
,,,,The Grace,,,
,,,,Mixx,,,
,,,,Loona,,,
,,,,Pristin,,,
,,,,DreamCatcher,,,
,,,,S.I.S,,,
,,,,Weki Meki,,,
,,,,ALICE,,,
,,,,Favorite,,,
,,,,Good Day,,,
,,,,P.O.P,,,
,,,,G-reyish,,,
,,,,CoCoSoRi,,,
,,,,Bolbbalgan4,,,
,,,,Bloomy,,,
,,,,Bulldok,,,
,,,,Highteen,,,
,,,,Matilda,,,
,,,,Dorothy,,,
,,,,OhBliss,,,
,,,,Girls Girls,,,
,,,,O21,,,
,,,,Apple.B,,,
,,,,H.U.B,,,
,,,,Hash Tag,,,
,,,,LipBubble,,,
,,,,Marmello,,,
,,,,fromis_9,,,
,,,,Honey Popcorn,,,
,,,,Girlkind,,,
,,,,(G)I-DLE,,,
,,,,GWSN,,,
,,,,IZ*ONE,,,
,,,,Nature,,,
,,,,Uni.T,,,
,,,,We Girls,,,
,,,,Gawi Bawi Bo,,,
,,,,Cherry Bullet,,,
,,,,Dreamnote,,,
,,,,Cherry On Top,,,
,,,,Saturday,,,
,,,,FLAVOR,,,
,,,,Pink Fantasy,,,
,,,,Heygirls,,,
,,,,ABRY,,,
,,,,Rose Finger,,,
,,,,Destiny,,,
,,,,PURPLEBECK,,,
,,,,Kitten Girls,,,
,,,,Camila,,,
,,,,Sha Sha,,,
,,,,AiRiSu,,,
,,,,Yellow Bee,,,
,,,,Wable,,,
,,,,Busters,,,
,,,,KHAN,,,
,,,,GsA,,,
,,,,Hi Cutie,,,
,,,,Gavy NJ,,,
,,,,I.C.E,,,
,,,,Wanna.B,,,
,,,,Hint,,,
,,,,2EYES,,,
,,,,GeeGu,,,
,,,,A.DE,,,
,,,,ITZY,,,
,,,,Lusty,,,
,,,,Everglow,,,
,,,,BVNDIT,,,
,,,,Episode,,,
,,,,cignature,,,
,,,,Hinapia,,,
,,,,3YE,,,
,,,,Rockit Girl,,,
,,,,Ariaz,,,
,,,,ANS,,,
,,,,HighSchool,,,
,,,,Weeekly,,,
,,,,CRAXY,,,
,,,,KEEMBO,,,
,,,,REDSQUARE,,,
,,,,SECRET NUMBER,,,
,,,,woo!ah!,,,
,,,,API,,,
,,,,FANATICS,,,
,,,,ILUV,,,
,,,,Melody Pink,,,
,,,,Rocket Punch,,,
,,,,ICU,,,
,,,,Bling Bling,,,
,,,,STAYC,,,
,,,,Precious,,,
,,,,XUM,,,
,,,,NeonPunch,,,
,,,,Maka Maka,,,
,,,,Blastar,,,
,,,,BlackSwan,,,
,,,,BOTOPASS,,,
,,,,LUNARSOLAR,,,
,,,,aespa,,,
,,,,AREAL,,,
,,,,TRI.BE,,,
,,,,PIXY,,,
,,,,Purple Kiss,,,
,,,,MAJORS,,,
,,,,PRISMA,,,
,,,,IOI,,,
,,,,ICHILLIN',,,
,,,,Billlie,,,
,,,,VIVIZ,,,
,,,,LIGHTSUM,,,
,,,,PRITTI-G,,,
,,,,Solia,,,
,,,,bugAboo,,,
,,,,SKYLE,,,
,,,,Rumble-G,,,
,,,,NMIXX,,,
,,,,ILY:1,,,
,,,,TRACER,,,
,,,,IVE,,,
,,,,Kep1er,,,
,,,,Hi-L,,,
,,,,H1-KEY,,,
,,,,CLASS:y,,,
,,,,Lapillus,,,
,,,,NewJeans,,,
,,,,FIFTY FIFTY,,,
,,,,LE SSERAFIM,,,
,,,,ARTBEAT v,,,
,,,,CSR,,,
,,,,Girls' World,,,
,,,,IRRIS,,,
,,,,mimiirose,,,
,,,,Queenz Eye,,,
,,,,BABYMONSTER,,,
,,,,We;Na,,,
,,,,tripleS,,,
,,,,ADYA,,,
,,,,LIMELIGHT,,,
,,,,PRIMROSE,,,
,,,,X:IN,,,
,,,,KISS OF LIFE,,,
,,,,Bunny.T,,,
,,,,EL7Z UP,,,
,,,,Loossemble,,,
,,,,YOUNG POSSE,,,
,,,,Geenius,,,
,,,,I'LL-IT,,,